Estacion,Fecha inicial,Año,Mes,Día,P,VViento,O3,DViento,PLiquida,PM2.5,PM10,RGlobal,SO2 TR,HAire10,TAire10
COLEGIO GAITÁN,2023-09-17,2023,9,17,688.7815455,0.90504545,29.48636364,194.3079546,0,9.96818182,16.98636364,187.2825455,2.32727273,74.59209091,24.85986364
COLEGIO GAITÁN,2023-09-16,2023,9,16,688.6545,1.00858333,32.125,217.784,0,10.70416667,19.075,171.24825,2.30833333,76.05116667,25.06020833
COLEGIO GAITÁN,2023-09-15,2023,9,15,688.6675417,0.69695833,34.44545455,228.9539583,0.00833333,9.50416667,17.49565217,144.3747083,1.34782609,80.32125,24.45458333
COLEGIO GAITÁN,2023-09-14,2023,9,14,688.606,0.81641667,21.31666667,228.0355417,0.15,12.25,22.88333333,155.7258333,1.76521739,80.851375,24.06541667
COLEGIO GAITÁN,2023-09-13,2023,9,13,685.967,1.21216667,25.37083333,249.80175,0.01666667,9.9125,19.24583333,0,2.09166667,81.05375,24.85945833
COLEGIO GAITÁN,2023-09-12,2023,9,12,683.985625,1.52754167,23.97083333,236.5518333,0,8.83333333,18.60833333,,2.73333333,80.41541667,24.42579167
COLEGIO GAITÁN,2023-09-11,2023,9,11,684.49625,1.67995833,22.43333333,247.6454167,0.62495833,7.425,14.6875,,2.19166667,82.408125,23.78691667
COLEGIO GAITÁN,2023-09-10,2023,9,10,684.7548696,1.387,29.45652174,221.5603478,0.90426087,7.45217391,11.39565217,,2.4826087,88.40721739,23.19004348
COLEGIO GAITÁN,2023-09-09,2023,9,9,683.4370417,1.54858333,27.9875,169.77825,0.11666667,13.825,24.7,,3.62916667,77.49570833,24.79425
COLEGIO GAITÁN,2023-09-08,2023,9,8,683.474,1.43295833,32.13333333,202.52225,0,14.49166667,29.29583333,,3.22916667,72.50420833,25.21179167
COLEGIO GAITÁN,2023-09-07,2023,9,7,683.4780833,1.66508333,40.25416667,210.1574583,0.025,11.84583333,27.93333333,,1.93333333,74.87595833,25.33225
COLEGIO GAITÁN,2023-09-06,2023,9,6,683.9492083,1.428875,39.9625,243.9692917,0,11.34166667,22.16666667,,2.425,75.42770833,26.13595833
COLEGIO GAITÁN,2023-09-05,2023,9,5,684.4865,1.65379167,32.49583333,254.4414583,0,9.54166667,18.12083333,,3.995,79.003875,25.18829167
COLEGIO GAITÁN,2023-09-04,2023,9,4,684.7145417,1.43483333,28.67083333,247.0342917,0,8.3125,16.36666667,,2.65,83.31391667,23.946375
COLEGIO GAITÁN,2023-09-03,2023,9,3,684.331913,1.56226087,41.91304348,241.2868261,0,10.82608696,17.01304348,,2.00869565,78.02773913,24.54230435
COLEGIO GAITÁN,2023-09-02,2023,9,2,683.8797083,1.60875,36.35416667,257.0807083,0.01666667,13.84166667,23.42083333,,2.57083333,76.76,24.854875
COLEGIO GAITÁN,2023-09-01,2023,9,1,683.9677917,1.49429167,40.38333333,232.824875,0,15.87083333,27.51666667,,3.21666667,72.67916667,26.26691667
COLEGIO GAITÁN,2023-08-31,2023,8,31,683.6615,1.367125,32.14166667,232.192125,0,17.1125,32.10833333,,3.325,71.02858333,26.12958333
COLEGIO GAITÁN,2023-08-30,2023,8,30,683.9887917,1.55779167,38.40833333,246.9247917,0,12.73333333,22.75,,2.44583333,73.418125,25.89770833
COLEGIO GAITÁN,2023-08-29,2023,8,29,685.192625,1.381125,44.6125,264.21775,0,13.575,25.2625,,2.69166667,76.342625,25.23108333
COLEGIO GAITÁN,2023-08-28,2023,8,28,684.647125,1.61020833,37.05,231.4692083,0,12.77916667,24.46666667,,2.74583333,70.19245833,25.51366667
COLEGIO GAITÁN,2023-08-27,2023,8,27,683.765,1.92173913,37.81304348,229.4451739,0,9.85652174,17.29130435,,1.93913043,68.41852174,25.66173913
COLEGIO GAITÁN,2023-08-26,2023,8,26,683.8806667,1.62858333,27.47083333,203.9274167,0,10.05833333,18.24583333,,2.25833333,73.235,25.255625
COLEGIO GAITÁN,2023-08-25,2023,8,25,684.7569167,1.322625,22.24166667,232.1106667,0.13333333,10.94166667,23.25,,2.36666667,82.80929167,24.03895833
COLEGIO GAITÁN,2023-08-24,2023,8,24,684.7330417,1.42895833,22.50416667,244.977375,0.00833333,8.32083333,16.13333333,,1.77916667,83.98383333,24.15566667
COLEGIO GAITÁN,2023-08-23,2023,8,23,683.7978333,1.4095,26.82083333,233.463625,0.06666667,5.15416667,12.04583333,,2.63333333,82.23770833,23.66525
COLEGIO GAITÁN,2023-08-22,2023,8,22,682.9775417,1.60808333,25.55416667,212.5521667,2.08333333,4.35416667,11.5,,3.20952381,90.74445833,22.16791667
COLEGIO GAITÁN,2023-08-21,2023,8,21,682.1696667,1.89541667,27.32083333,230.5457083,0.31666667,5.975,12.48333333,,1.925,81.72129167,24.55166667
COLEGIO GAITÁN,2023-08-20,2023,8,20,682.3786957,1.49469565,28.89130435,198.1737826,0.03478261,8.65217391,15.09565217,,1.0826087,84.94295652,24.17369565
COLEGIO GAITÁN,2023-08-19,2023,8,19,682.5812083,1.80225,29.96666667,228.441875,0,12.73333333,21.70833333,,3.6375,78.301,25.03604167
COLEGIO GAITÁN,2023-08-18,2023,8,18,683.5484167,1.52591667,24.0125,251.7685,0,5.99166667,13.40833333,,3.29583333,79.648625,24.42925
COLEGIO GAITÁN,2023-08-17,2023,8,17,683.9380417,1.561375,25.90416667,237.8767083,0,9.4375,20.68333333,,3.23333333,79.88416667,24.97745833
COLEGIO GAITÁN,2023-08-16,2023,8,16,684.4078571,1.18442857,18.50714286,250.1585,0.01428571,12.6,24.73571429,,3.22142857,85.92914286,23.32214286
COLEGIO GAITÁN,2023-08-15,2023,8,15,683.8522083,1.44483333,21.875,209.0302917,0.00833333,15.0125,27.28333333,,2.64166667,81.24183333,23.76166667
COLEGIO GAITÁN,2023-08-14,2023,8,14,684.01875,1.30783333,28.50833333,251.8345417,0.025,11.05,19.85416667,,3.4,79.75070833,24.12954167
COLEGIO GAITÁN,2023-08-13,2023,8,13,683.7373044,1.47565217,30.09130435,231.6836087,0.10430435,8.80869565,15.80434783,,2.34347826,77.85891304,24.69530435
COLEGIO GAITÁN,2023-08-12,2023,8,12,684.0055,1.64695833,34.17916667,213.7096667,0,9.3625,18.05833333,,3.20833333,75.1765,25.334375
COLEGIO GAITÁN,2023-08-11,2023,8,11,684.2020833,1.55854167,35.4375,216.485375,0,8.7875,18.03333333,,2.89166667,78.94275,24.796375
COLEGIO GAITÁN,2023-08-10,2023,8,10,684.856875,1.49491667,31.33333333,206.529375,0.00833333,11.675,25.14166667,,3.02083333,78.72054167,24.31458333
COLEGIO GAITÁN,2023-08-09,2023,8,9,685.1650417,1.67958333,26.05,186.2517917,0.025,11.92916667,21.70416667,,3.32083333,78.14079167,25.03645833
COLEGIO GAITÁN,2023-08-08,2023,8,8,685.458375,1.60341667,25.89166667,233.4443333,0.17495833,12.25,20.9,,3.50869565,81.36620833,25.57366667
COLEGIO GAITÁN,2023-08-07,2023,8,7,685.5725833,1.25925,35.425,262.53075,0,7.7125,13.59166667,,2.22916667,82.3685,24.175
COLEGIO GAITÁN,2023-08-06,2023,8,6,684.3197826,1.52152174,34.7,241.9371304,0.0173913,11.92173913,19.30869565,,2.47391304,76.36395652,25.93156522
COLEGIO GAITÁN,2023-08-05,2023,8,5,684.233125,1.476125,29.1625,215.07925,0.025,15.45,26.46666667,,1.85833333,75.662125,25.826875
COLEGIO GAITÁN,2023-08-04,2023,8,4,684.63775,1.209875,32.02083333,224.7703333,0.06666667,17.28333333,31.25416667,,2.11666667,79.99245833,25.099125
COLEGIO GAITÁN,2023-08-03,2023,8,3,685.364,1.56495833,36.3875,234.9812083,0.00833333,9.54583333,17.49166667,,2.275,82.061875,24.24758333
COLEGIO GAITÁN,2023-08-02,2023,8,2,685.917,1.41370833,30.10833333,250.9169167,0.00833333,13.54583333,22.55833333,,2.6,82.20370833,24.91295833
COLEGIO GAITÁN,2023-08-01,2023,8,1,685.9332917,1.2715,22.13043478,241.3225,0.025,9.4625,20.075,,2.85,83.52545833,24.29504167
COLEGIO GAITÁN,2023-07-31,2023,7,31,685.2766667,1.65825,21.32916667,169.8199583,0.09166667,6.17916667,16.55833333,,2.33333333,85.04441667,23.58258333
COLEGIO GAITÁN,2023-07-30,2023,7,30,685.1592174,1.26134783,29.7,233.23,0.02608696,10.45652174,16.90434783,,1.93478261,76.92273913,25.45991304
COLEGIO GAITÁN,2023-07-29,2023,7,29,684.3070417,1.321125,29.37083333,250.4796667,0.00833333,9.17083333,17.30833333,,1.95833333,79.85120833,24.85091667
COLEGIO GAITÁN,2023-07-28,2023,7,28,683.6366667,1.41608333,17.94166667,240.069375,0.01666667,10.12916667,21.925,,2.4375,76.027875,25.94158333
COLEGIO GAITÁN,2023-07-27,2023,7,27,684.014625,1.29016667,20.65,214.5214583,0,5.92083333,13.66666667,,2.0875,76.66383333,26.205125
COLEGIO GAITÁN,2023-07-26,2023,7,26,685.1063333,1.31145833,27.8625,235.4754167,0,7.79166667,15.45833333,,3.0875,80.32870833,25.109875
COLEGIO GAITÁN,2023-07-25,2023,7,25,685.2535417,1.38883333,26.00454545,227.291375,0,11.48333333,18.98333333,,2.935,83.68170833,24.64475
COLEGIO GAITÁN,2023-07-24,2023,7,24,684.2429167,1.45704167,32.53333333,268.1768333,0.025,10.08333333,18.175,,1.91666667,83.21016667,24.662875
COLEGIO GAITÁN,2023-07-23,2023,7,23,685.1029565,1.19530435,32.78695652,233.110087,0.02608696,9.53043478,16.61304348,,2.09130435,76.92295652,25.5353913
COLEGIO GAITÁN,2023-07-22,2023,7,22,684.3070417,1.321125,23.1,250.4796667,0.00833333,10.7875,21.73333333,,2.44583333,79.85120833,24.85091667
COLEGIO GAITÁN,2023-07-21,2023,7,21,683.6366667,1.41608333,31.6375,240.069375,0.01666667,11.975,22.34583333,,2.2,76.027875,25.94158333
COLEGIO GAITÁN,2023-07-20,2023,7,20,684.014625,1.29016667,33.15833333,214.5214583,0,12.15833333,22.30833333,,2.22083333,76.66383333,26.205125
COLEGIO GAITÁN,2023-07-19,2023,7,19,685.1063333,1.31145833,25.6875,235.4754167,0,10.8875,23.54166667,,2.075,80.32870833,25.109875
COLEGIO GAITÁN,2023-07-18,2023,7,18,685.2535417,1.38883333,19.85,227.291375,0,10.21666667,19.96666667,,2.55,83.68170833,24.64475
COLEGIO GAITÁN,2023-07-17,2023,7,17,684.2429167,1.45704167,21.09166667,268.1768333,0.025,8.66666667,17.39583333,,2.825,83.21016667,24.662875
COLEGIO GAITÁN,2023-07-16,2023,7,16,683.7201304,1.28304348,20.31304348,240.2288696,0,14.42608696,22.39565217,,2.24782609,85.12773913,24.26591304
COLEGIO GAITÁN,2023-07-15,2023,7,15,683.6106667,1.45629167,28.36666667,256.823375,0,9.74166667,17.4,,3.31666667,82.19966667,24.588625
COLEGIO GAITÁN,2023-07-14,2023,7,14,683.3070435,0.96743478,21.33478261,243.0321739,0.14782609,13.76521739,25.62608696,,2.51304348,87.80321739,23.53886957
COLEGIO GAITÁN,2023-07-13,2023,7,13,682.6694583,1.392375,33.49166667,252.1878333,0,9.35416667,19.6375,,2.8,76.045625,25.4455
COLEGIO GAITÁN,2023-07-12,2023,7,12,683.769625,1.45129167,26.34545455,189.3665833,0.00833333,13.3875,26.1125,,2.96666667,82.96770833,24.03625
COLEGIO GAITÁN,2023-07-11,2023,7,11,684.38925,1.26395833,20.75909091,209.1792917,0.19995833,11.5875,25.34166667,,4.27777778,85.58979167,23.50916667
COLEGIO GAITÁN,2023-07-10,2023,7,10,684.0107083,1.119625,23.54166667,219.22475,0.00833333,8.67083333,17.47916667,,2.875,82.535,24.45775
COLEGIO GAITÁN,2023-07-09,2023,7,9,684.6806087,1.24369565,22.68695652,241.0070435,0,8.23478261,14.65652174,,1.9173913,82.95165217,24.72295652
COLEGIO GAITÁN,2023-07-08,2023,7,8,684.8810417,1.10045833,13.01666667,192.5957083,0.14166667,8.025,15.6125,,2.12083333,86.46041667,23.18325
COLEGIO GAITÁN,2023-07-07,2023,7,7,684.4096957,1.77352174,19.35217391,210.176913,0.13043478,6.99130435,12.94347826,,1.97826087,86.95178261,23.80852174
COLEGIO GAITÁN,2023-07-06,2023,7,6,684.2900833,1.21029167,23.475,257.9734583,0,8.1,15.8875,,2.25,86.09920833,24.17641667
COLEGIO GAITÁN,2023-07-05,2023,7,5,685.0285,1.31925,20.21304348,267.386,0,11.24166667,19.20833333,,3.2125,84.60875,24.3295
COLEGIO GAITÁN,2023-07-04,2023,7,4,685.3301667,1.408625,17.79583333,241.5177083,0,8.7375,15.71666667,,2.225,85.908625,24.10166667
COLEGIO GAITÁN,2023-07-03,2023,7,3,685.0813333,1.32275,19.53043478,262.1310833,0,6.53333333,12.91666667,,2.2,84.46141667,23.90066667
COLEGIO GAITÁN,2023-07-02,2023,7,2,684.457,1.35022727,20.14545455,245.8696818,0.12727273,3.97727273,9.60909091,,2.70909091,85.51572727,23.20422727
COLEGIO GAITÁN,2023-07-01,2023,7,1,683.9032083,1.38616667,22.21666667,258.0425417,0.391625,7.425,15.00416667,,2.41666667,85.59741667,24.73033333
COLEGIO GAITÁN,2023-06-30,2023,6,30,683.8435417,1.41616667,20.4125,210.9854167,0.01666667,6.24583333,13.30416667,,2.6,80.17058333,25.46595833
COLEGIO GAITÁN,2023-06-29,2023,6,29,683.6554815,1.43388889,19.62222222,235.2139259,0.42218519,9.92962963,18.43333333,,2.32592593,81.97422222,24.90366667
COLEGIO GAITÁN,2023-06-28,2023,6,28,684.1005,1.51670833,26.67916667,245.323875,0,7.30416667,15.23333333,,3.19583333,79.77370833,24.5515
COLEGIO GAITÁN,2023-06-27,2023,6,27,684.5722083,1.36066667,38.7,244.964875,0.00833333,8.41666667,16.06666667,,2.80416667,86.51745833,24.06729167
COLEGIO GAITÁN,2023-06-26,2023,6,26,685.2954583,1.154,,237.2885,0.05833333,7.14166667,14.3,,3.13333333,90.1725,22.85629167
COLEGIO GAITÁN,2023-06-25,2023,6,25,684.5258696,1.27465217,19.95,229.523913,0.4,6.93043478,12.56521739,,2.57826087,88.41604348,23.28104348
COLEGIO GAITÁN,2023-06-24,2023,6,24,684.4559167,1.67379167,23.09583333,230.5485,2.29995833,6.61666667,11.85,,2.71666667,90.30154167,23.05995833
COLEGIO GAITÁN,2023-06-23,2023,6,23,684.4008333,1.43754167,19.55,236.9885417,0,9.92916667,17.68333333,,2.91666667,86.45591667,23.82329167
COLEGIO GAITÁN,2023-06-22,2023,6,22,683.9197917,1.40133333,20.21666667,182.7022917,1.13329167,10.325,20.35,,3.2125,85.16716667,23.874625
COLEGIO GAITÁN,2023-06-21,2023,6,21,682.9697917,1.31216667,26.67916667,254.44075,0,11.67083333,24.2,,1.94166667,75.32945833,25.4715
COLEGIO GAITÁN,2023-06-20,2023,6,20,682.9518571,1.36007143,38.7,263.1277143,0,13.53571429,23.82857143,,1.8,76.58557143,26.54914286
COLEGIO GAITÁN,2023-06-19,2023,6,19,685.535,1.0115,,197.8545,0.075,,,,,95.558375,20.985625
COLEGIO GAITÁN,2023-06-18,2023,6,18,685.673,1.557,,139.628,0,,,,,89.113,22.261
COLEGIO GAITÁN,2023-06-16,2023,6,16,684.1257222,1.26011111,21.90555556,248.3415,0.08888889,10.27777778,21.06666667,,2.31666667,82.46044444,24.59205556
COLEGIO GAITÁN,2023-06-15,2023,6,15,683.718625,1.36216667,21,231.4915833,0.01666667,6.7875,15.3375,,1.65833333,82.60995833,24.25366667
COLEGIO GAITÁN,2023-06-14,2023,6,14,683.7183333,1.35379167,27.40416667,233.7675833,0.05,12.40416667,21.67083333,,2.26666667,80.07358333,24.68495833
COLEGIO GAITÁN,2023-06-13,2023,6,13,683.5050417,1.355375,25.775,216.7997917,0.00833333,10.17916667,18.34166667,,4,76.12416667,25.35591667
COLEGIO GAITÁN,2023-06-12,2023,6,12,684.2285,1.37795833,20.92083333,217.4375833,0,7.675,13.81666667,,2.45833333,78.80841667,24.19279167
COLEGIO GAITÁN,2023-06-11,2023,6,11,685.2034546,1.49059091,21.44545455,243.9271364,0.01818182,9.68181818,16.90454545,,2.98181818,86.49509091,24.1745
COLEGIO GAITÁN,2023-06-10,2023,6,10,685.4355833,1.42458333,14.95,249.0647917,0,6.99166667,15.3375,,2.84583333,87.15829167,23.35354167
COLEGIO GAITÁN,2023-06-09,2023,6,9,685.7153333,1.221625,14.86956522,219.9204583,0.05,11.60833333,20.6125,,2.78333333,90.395,23.072375
COLEGIO GAITÁN,2023-06-08,2023,6,8,685.6616667,1.41679167,14.7625,215.3925833,1.70829167,7.8875,17.05833333,,2.48333333,89.28466667,22.902375
COLEGIO GAITÁN,2023-06-07,2023,6,7,684.7146667,1.336125,22.50416667,222.94675,0,8.79166667,19.99166667,,2.41666667,84.60125,24.101
COLEGIO GAITÁN,2023-06-06,2023,6,6,684.9640833,1.16304167,16.0875,202.6160417,0.00833333,8.27083333,18.575,,2.525,86.343625,23.63091667
COLEGIO GAITÁN,2023-06-05,2023,6,5,685.3223333,1.39229167,15.5875,251.563,0.13333333,7.54166667,16.59166667,,2.4,89.63495833,22.99275
COLEGIO GAITÁN,2023-06-04,2023,6,4,684.520125,1.57495833,18.6,208.203125,0.391625,7.09166667,14.03333333,,2.26666667,87.8055,23.48154167
COLEGIO GAITÁN,2023-06-03,2023,6,3,683.39925,1.486375,23.69583333,227.6468333,0.00833333,10.33333333,20.46666667,,2.12083333,79.686125,25.136125
COLEGIO GAITÁN,2023-06-02,2023,6,2,684.452,1.181625,14.64166667,228.0314583,0,7.62083333,18.0125,,2.625,86.961375,23.37045833
COLEGIO GAITÁN,2023-06-01,2023,6,1,685.324125,1.32825,12.60833333,244.4053333,0.01666667,5.23333333,13.3375,,2.88333333,89.70291667,22.42783333
COLEGIO GAITÁN,2023-05-31,2023,5,31,684.612,1.53445833,19.79166667,225.2590833,0.00833333,5.7875,13.9,,2.69583333,82.935625,24.47691667
COLEGIO GAITÁN,2023-05-30,2023,5,30,684.81125,1.56866667,18.42083333,222.1749583,0.1,4.60416667,12.0375,,2.61,84.49258333,23.71641667
COLEGIO GAITÁN,2023-05-29,2023,5,29,684.4651667,1.55195833,19.05217391,228.45025,0,6.56666667,14.2375,,1.64583333,84.20941667,24.152625
COLEGIO GAITÁN,2023-05-28,2023,5,28,685.0433044,1.28043478,14.64347826,196.3572174,0.83478261,6.32608696,12.76956522,,2.65652174,87.08626087,23.00234783
COLEGIO GAITÁN,2023-05-27,2023,5,27,685.2895,1.80991667,21.27083333,212.5822917,0.90829167,6.59166667,13.17083333,,3.32083333,83.711125,23.52725
COLEGIO GAITÁN,2023-05-26,2023,5,26,684.7967917,1.74925,22.8125,208.2000417,0.191625,5.8125,14.2375,,2.7,83.15266667,23.91791667
COLEGIO GAITÁN,2023-05-25,2023,5,25,683.4109583,1.42554167,18.92083333,212.780375,0,6.75833333,14.52916667,,2.1625,85.41741667,23.693375
COLEGIO GAITÁN,2023-05-24,2023,5,24,683.5209583,1.289625,21.67083333,260.9992917,0.00833333,6.46666667,14.5125,,2.425,86.735875,23.651875
COLEGIO GAITÁN,2023-05-23,2023,5,23,684.629,1.29316667,19.07826087,254.191375,0,7.5875,15.60833333,,2.53333333,87.31141667,23.67133333
COLEGIO GAITÁN,2023-05-22,2023,5,22,684.3997083,1.55116667,22.025,231.835,1.07495833,3.74583333,8.04166667,,1.87916667,91.29445833,22.57079167
COLEGIO GAITÁN,2023-05-21,2023,5,21,683.9213478,1.51556522,22.15217391,264.2053044,0.03478261,6.9,12.0173913,,1.99565217,89.60956522,23.57104348
COLEGIO GAITÁN,2023-05-20,2023,5,20,683.5744167,1.391375,24.35416667,263.729375,0,8.48333333,16.32916667,,2.675,83.848,24.940875
COLEGIO GAITÁN,2023-05-19,2023,5,19,683.57325,1.64225,30.5,245.46275,0,8.6125,17.8125,,2.70833333,78.444375,25.580375
COLEGIO GAITÁN,2023-05-18,2023,5,18,683.8717083,1.64054167,30.0625,222.7037083,0,6.52916667,14.7,,2.44583333,74.68058333,25.985375
COLEGIO GAITÁN,2023-05-17,2023,5,17,684.9969583,1.564625,20.2125,284.7087083,0,7.52916667,15.29583333,,2.825,85.016,24.5795
COLEGIO GAITÁN,2023-05-16,2023,5,16,685.75625,1.35579167,16.82916667,270.989125,0.00833333,8.16666667,18.5,,3.15714286,88.69208333,23.55320833
COLEGIO GAITÁN,2023-05-15,2023,5,15,686.121,1.34070833,16.7125,248.0125833,0.05,7.08333333,16.29583333,,2.00416667,88.03579167,23.59541667
COLEGIO GAITÁN,2023-05-14,2023,5,14,684.7364348,1.4136087,21.46521739,221.895,0.23478261,10.40869565,16.70869565,,2.54347826,86.716,24.25943478
COLEGIO GAITÁN,2023-05-13,2023,5,13,683.5514167,1.8365,28.14166667,200.8446667,0.466625,11.8125,21.80416667,,3.17083333,80.98054167,24.84929167
COLEGIO GAITÁN,2023-05-12,2023,5,12,683.8956667,1.555,21.8,203.2530833,0.09166667,9.275,19.8375,,3.00416667,82.22808333,24.55491667
COLEGIO GAITÁN,2023-05-11,2023,5,11,684.2017917,1.52854167,29.74166667,258.4790417,0.00833333,8.06666667,16.5125,,3.075,79.59029167,25.35170833
COLEGIO GAITÁN,2023-05-10,2023,5,10,684.63,1.55970833,23.49166667,217.5241667,0.01666667,9.45416667,18.65,,3.32083333,83.22054167,24.3595
COLEGIO GAITÁN,2023-05-09,2023,5,9,683.8634583,1.38670833,32.28333333,255.9249583,0,19.72916667,32.49166667,,3.49583333,79.51270833,25.94966667
COLEGIO GAITÁN,2023-05-08,2023,5,8,683.4062083,1.304375,32.85,239.9446667,0,20.56666667,34.45833333,,3.1125,80.16020833,25.297125
COLEGIO GAITÁN,2023-05-07,2023,5,7,683.6968261,1.38782609,32.54347826,256.8723044,0,21.12608696,32.14782609,,3.23043478,81.65169565,25.03804348
COLEGIO GAITÁN,2023-05-06,2023,5,6,683.4092917,1.330875,41.08333333,261.4622917,0,19.9375,31.29166667,,2.8625,76.48208333,25.59729167
COLEGIO GAITÁN,2023-05-05,2023,5,5,682.9670417,1.46054167,40.55,231.3787917,0,16.98333333,28.51666667,,3.00833333,73.77654167,26.27095833
COLEGIO GAITÁN,2023-05-04,2023,5,4,682.88375,1.48395833,42.75416667,258.8705,0.00833333,17.15,30.6125,,2.64166667,72.19791667,26.039125
COLEGIO GAITÁN,2023-05-03,2023,5,3,682.423875,1.41625,34.97916667,272.3436667,0,11.14583333,21.6875,,2.9125,71.873125,25.47283333
COLEGIO GAITÁN,2023-05-02,2023,5,2,683.54425,1.36416667,27.5,280.8085417,0,10.2625,19.55833333,,3.065,79.879125,24.872625
COLEGIO GAITÁN,2023-05-01,2023,5,1,684.4139583,1.40095833,25.4625,243.448,0.00833333,8.68333333,15.19166667,,2.19583333,83.31883333,24.238875
COLEGIO GAITÁN,2023-04-30,2023,4,30,685.194087,1.46878261,20.20869565,213.576,0.07826087,5.72608696,11.30869565,,1.16086957,89.38173913,23.28869565
COLEGIO GAITÁN,2023-04-29,2023,4,29,684.7244583,1.4675,26.52916667,229.54675,0.175,9.4,16.6875,,1.92916667,85.10779167,24.16795833
COLEGIO GAITÁN,2023-04-28,2023,4,28,684.6119583,1.67754167,23.0125,217.9729167,0.025,11.05416667,19.6375,,2.47916667,84.98425,23.66625
COLEGIO GAITÁN,2023-04-27,2023,4,27,684.4867083,1.46558333,28.59166667,242.5145,0.04166667,7.15,14.58333333,,1.8875,83.894375,23.70941667
COLEGIO GAITÁN,2023-04-26,2023,4,26,684.641,1.58316667,26.64583333,216.1327917,0.63329167,7.7625,15.875,,1.84166667,85.32870833,23.46270833
COLEGIO GAITÁN,2023-04-25,2023,4,25,684.584,1.4305,32.4625,295.168375,0,13.54166667,23.28333333,,2.4,83.72795833,24.36808333
COLEGIO GAITÁN,2023-04-24,2023,4,24,684.7745,1.45104167,28.26666667,251.7247917,0,10.025,18.20833333,,1.625,86.80275,23.04233333
COLEGIO GAITÁN,2023-04-23,2023,4,23,684.1814783,1.43052174,27.34347826,227.7166087,0,9.76521739,18.77826087,,2.13913043,84.03134783,23.66347826
COLEGIO GAITÁN,2023-04-22,2023,4,22,684.3042917,1.142875,19.32916667,223.0842083,0.69995833,9.15833333,16.0375,,2.32916667,90.87616667,21.82204167
COLEGIO GAITÁN,2023-04-21,2023,4,21,684.4594583,1.41175,22.05,227.466125,0,12.49166667,24.00416667,,1.49166667,88.739625,22.17254167
COLEGIO GAITÁN,2023-04-20,2023,4,20,684.08525,1.42204167,22.19166667,205.15875,0.05833333,13.79166667,25.97916667,,2.14166667,85.63670833,23.43183333
COLEGIO GAITÁN,2023-04-19,2023,4,19,683.3820417,1.447625,29.0375,243.8843333,0,10.175,20.375,,1.9375,82.78316667,23.87004167
COLEGIO GAITÁN,2023-04-18,2023,4,18,683.975125,1.50795833,34.45833333,244.8605833,0.00833333,7.00416667,13.04166667,,2.25833333,82.44183333,23.96304167
COLEGIO GAITÁN,2023-04-17,2023,4,17,684.514125,1.4965,35.07083333,231.8336667,0.2,5.61666667,10.29166667,,1.87083333,88.70320833,22.55675
COLEGIO GAITÁN,2023-04-16,2023,4,16,684.6643478,1.67378261,39.50434783,245.1696522,1.81730435,10.38695652,14.63913043,,1.88695652,90.2726087,22.80656522
COLEGIO GAITÁN,2023-04-15,2023,4,15,683.5715833,1.728,39.30416667,229.6409167,0.51666667,17.12916667,26.1,,2.1875,82.30441667,24.68995833
COLEGIO GAITÁN,2023-04-14,2023,4,14,682.791375,1.56833333,34.27916667,239.267375,0,15.525,28.02916667,,2.4,80.157875,24.80358333
COLEGIO GAITÁN,2023-04-13,2023,4,13,682.60825,1.22241667,24.62083333,219.688875,0,15.58333333,29.8875,,2.05416667,83.82416667,23.72995833
COLEGIO GAITÁN,2023-04-12,2023,4,12,683.3170417,1.544375,29.90833333,251.039125,0,10.43333333,19.25,,2.05416667,82.83408333,24.12375
COLEGIO GAITÁN,2023-04-11,2023,4,11,683.9742917,1.57845833,31.1875,236.4893333,0.14166667,11.22916667,20.175,,1.9875,84.94745833,23.61066667
COLEGIO GAITÁN,2023-04-10,2023,4,10,684.0599474,1.44384211,26.13684211,154.7810833,0,11.6,19.73157895,,1.81578947,80.97827778,24.01088889
COLEGIO GAITÁN,2023-04-09,2023,4,9,683.7992917,1.42291667,36.45416667,217.2476667,0.00833333,11.45,17.2625,,1.6875,82.239,23.64933333
COLEGIO GAITÁN,2023-04-08,2023,4,8,684.1955417,1.56954167,32.09166667,269.0394167,0,10.94583333,17.9625,,2.00833333,81.52270833,24.312875
COLEGIO GAITÁN,2023-04-07,2023,4,7,684.5764167,1.346125,27.02916667,244.7313333,0,8.6625,14.57916667,,1.5625,84.998,23.207125
COLEGIO GAITÁN,2023-04-06,2023,4,6,683.9955417,1.672125,40.0625,218.0474167,1.05829167,8.125,12.20416667,,1.39583333,86.96583333,22.33995833
COLEGIO GAITÁN,2023-04-05,2023,4,5,682.7695417,1.2715,28.725,213.24575,0.00833333,14.9125,22.8875,,1.6625,80.66383333,23.80133333
COLEGIO GAITÁN,2023-04-04,2023,4,4,682.4322083,1.46245833,36.89583333,234.881375,0,13.32916667,22.83333333,,1.96153846,77.05508333,25.06979167
COLEGIO GAITÁN,2023-04-03,2023,4,3,682.7640833,1.453,41.22083333,250.7138333,0,9.725,15.73333333,,1.9125,78.59783333,24.75454167
COLEGIO GAITÁN,2023-04-02,2023,4,2,683.7196957,1.46286957,37.58695652,230.1423478,0.00869565,11.37391304,17.18695652,,1.68695652,82.7423913,23.50526087
COLEGIO GAITÁN,2023-04-01,2023,4,1,684.15125,1.43866667,36.52916667,223.2684167,0.13329167,18.36666667,25.55,,2.1375,85.04833333,23.45558333
COLEGIO GAITÁN,2023-03-31,2023,3,31,683.9119167,1.554625,36.24583333,217.6127083,0.00833333,20.70416667,33.20833333,,1.9375,81.23995833,24.60483333
COLEGIO GAITÁN,2023-03-30,2023,3,30,683.6922917,1.44879167,34.65833333,247.13975,0,22.62916667,34.24166667,,1.95416667,81.46275,23.97579167
COLEGIO GAITÁN,2023-03-29,2023,3,29,683.6255,1.28758333,34.7625,219.120375,0,28.13333333,38.95833333,,2.24166667,83.67954167,23.373125
COLEGIO GAITÁN,2023-03-28,2023,3,28,683.8727083,1.66170833,45.78333333,215.73475,0.01666667,16.22083333,24.87083333,,1.67083333,80.85470833,23.33075
COLEGIO GAITÁN,2023-03-27,2023,3,27,683.9632917,1.67220833,46.54166667,229.6967083,0,17.95416667,28.5875,,2.06666667,78.567625,24.10108333
COLEGIO GAITÁN,2023-03-26,2023,3,26,683.8985833,1.4605,46.24166667,256.7106667,0,26.84166667,36.35833333,,1.55833333,79.47304167,24.241
COLEGIO GAITÁN,2023-03-25,2023,3,25,684.1175417,1.59754167,60.38333333,271.0960833,0,26.25,34.925,,1.6,77.75258333,24.24079167
COLEGIO GAITÁN,2023-03-24,2023,3,24,683.8733333,1.456125,50.57083333,264.69175,0,36.85833333,48.44166667,,2.33333333,79.24133333,24.15716667
COLEGIO GAITÁN,2023-03-23,2023,3,23,684.08325,1.36591667,48.72916667,270.1145833,0,41.7875,53.59583333,,2.08333333,81.07883333,23.86975
COLEGIO GAITÁN,2023-03-22,2023,3,22,683.8424167,1.61054167,49.87083333,219.34875,0.08333333,32.77083333,41.97083333,,2.13333333,80.30020833,23.827125
COLEGIO GAITÁN,2023-03-21,2023,3,21,684.371625,1.46095833,44.20833333,210.9033333,2.575,22.3625,31.19166667,,1.91666667,85.13191667,23.31795833
COLEGIO GAITÁN,2023-03-20,2023,3,20,685.23575,1.577875,42.03333333,225.5074583,0,17.00416667,24.70416667,,1.58333333,75.32704167,24.39316667
COLEGIO GAITÁN,2023-03-19,2023,3,19,685.1514583,1.47579167,38.13333333,229.215125,1.29158333,16.45416667,23.6125,,1.92083333,83.92525,23.42670833
COLEGIO GAITÁN,2023-03-18,2023,3,18,684.924875,1.65204167,32.17916667,217.681,0,13.85833333,24.21666667,,1.48333333,84.22675,23.54570833
COLEGIO GAITÁN,2023-03-17,2023,3,17,684.9092083,1.45033333,27.39583333,248.4205833,0.20829167,10.82916667,19.75,,1.33333333,88.80441667,22.28804167
COLEGIO GAITÁN,2023-03-16,2023,3,16,685.3296667,1.536625,25.4375,238.817375,0.25,9.79166667,18.43333333,,1.98333333,91.53641667,21.53975
COLEGIO GAITÁN,2023-03-15,2023,3,15,685.0775833,1.48095833,26.8125,190.5195833,0.19995833,11.17916667,22.12916667,,1.375,89.07791667,22.388875
COLEGIO GAITÁN,2023-03-14,2023,3,14,685.4187917,1.42354167,24.3875,242.7224583,0.025,14.7625,24.27083333,,1.63333333,89.30420833,22.60616667
COLEGIO GAITÁN,2023-03-13,2023,3,13,686.1090417,1.25770833,15.32916667,237.4164167,0.29166667,18.17916667,32.59166667,,1.90416667,95.7665,20.96629167
COLEGIO GAITÁN,2023-03-12,2023,3,12,685.793625,0.974375,24.45833333,233.7310833,0.175,13.3,20.6,,2.02916667,93.48833333,21.16608333
COLEGIO GAITÁN,2023-03-11,2023,3,11,685.5469583,0.87558333,22.95416667,198.4270833,1.51658333,,,,2.22916667,97.81429167,19.75770833
COLEGIO GAITÁN,2023-03-10,2023,3,10,684.94575,1.459875,25.975,222.8905417,0.01666667,,,,2.07916667,82.28175,22.628375
COLEGIO GAITÁN,2023-03-09,2023,3,9,685.564625,1.1455,21.825,178.313375,1.14166667,,,,1.41666667,95.97570833,20.1335
COLEGIO GAITÁN,2023-03-08,2023,3,8,684.6325417,1.37508333,25.825,238.0848333,0.21666667,,,,1.78333333,87.29066667,22.06566667
COLEGIO GAITÁN,2023-03-07,2023,3,7,683.854125,1.50616667,25.87083333,195.105875,1.39166667,,,,2.07916667,86.07533333,22.92270833
COLEGIO GAITÁN,2023-03-06,2023,3,6,683.7030833,1.5855,28.89166667,216.2546667,0.03333333,,,,1.7875,82.99308333,24.181875
COLEGIO GAITÁN,2023-03-05,2023,3,5,683.5617826,1.46295652,32.64782609,213.4455217,0,,,98.81881818,1.1173913,84.67326087,24.18773913
COLEGIO GAITÁN,2023-03-04,2023,3,4,682.9227917,1.26145833,35.07083333,242.1482083,0.15833333,,,70.95491667,0.85416667,86.84066667,23.91370833
COLEGIO GAITÁN,2023-03-03,2023,3,3,681.855125,1.61829167,50.6125,277.0040417,0,17.1125,27.5375,142.4412083,0.8875,74.36458333,25.8025
COLEGIO GAITÁN,2023-03-02,2023,3,2,682.624,1.37770833,40.175,250.9490417,0,31.57916667,45.625,130.727625,1.17083333,77.3535,25.09466667
COLEGIO GAITÁN,2023-03-01,2023,3,1,684.18525,1.65454167,42.7875,214.0340417,0.53329167,23.41666667,34.075,126.3128333,1.15,80.36641667,24.071625
COLEGIO GAITÁN,2023-02-28,2023,2,28,684.0410833,1.77025,47.4375,219.5187083,0.00833333,24.84166667,38.52083333,154.003625,1.07916667,74.08170833,25.46991667
COLEGIO GAITÁN,2023-02-27,2023,2,27,684.0755417,1.968375,57.32916667,247.95075,0.00833333,22.22083333,35.97916667,171.9300833,0.85833333,70.806125,25.009125
COLEGIO GAITÁN,2023-02-26,2023,2,26,683.9889565,1.58043478,56.66086957,269.4696087,0,32.22173913,45.58695652,176.4538261,2.40434783,70.54543478,24.63434783
COLEGIO GAITÁN,2023-02-25,2023,2,25,684.3174583,1.62120833,58.60833333,213.9356667,0,27.6,39.73333333,170.7672917,1.91666667,62.44329167,24.89645833
COLEGIO GAITÁN,2023-02-24,2023,2,24,684.985375,1.53920833,48.65416667,242.599375,0,27.97083333,42.34583333,159.870875,1.475,71.42625,24.33508333
COLEGIO GAITÁN,2023-02-23,2023,2,23,685.3869583,1.40458333,42.65416667,242.0920417,0,27.325,38.17083333,172.991125,2.19583333,77.68208333,23.33383333
COLEGIO GAITÁN,2023-02-22,2023,2,22,685.7205417,1.225375,29.85,269.7049167,0,21.5625,31.75833333,57.890875,1.8875,86.51454167,21.32775
COLEGIO GAITÁN,2023-02-21,2023,2,21,683.9250417,1.68295833,42.8625,213.2185833,0.13329167,22.35,34.6875,122.038875,2.02083333,77.41029167,23.50054167
COLEGIO GAITÁN,2023-02-20,2023,2,20,683.40375,1.599125,56.08333333,249.03425,0,16.95416667,26.61666667,169.34775,1.4,70.11170833,24.78908333
COLEGIO GAITÁN,2023-02-19,2023,2,19,683.3192609,1.558,50.6826087,218.972087,0,14.65217391,23.36956522,178.321,2.0173913,65.67295652,24.84313043
COLEGIO GAITÁN,2023-02-18,2023,2,18,683.4712083,1.73429167,40.50833333,228.79625,0.00833333,11.5125,20.05416667,165.2612917,1.525,71.02095833,24.24283333
COLEGIO GAITÁN,2023-02-17,2023,2,17,682.691875,1.49354167,26.00833333,194.8762917,0.13333333,22.23333333,34.4,142.9974167,2.2375,84.54820833,23.74525
COLEGIO GAITÁN,2023-02-16,2023,2,16,683.3364167,1.31904167,17.57083333,200.84925,0.00833333,23.04583333,38.05833333,72.94754167,2.35416667,86.027,23.06316667
COLEGIO GAITÁN,2023-02-15,2023,2,15,683.6313333,1.55866667,25.05,211.915125,2.549875,15.59583333,28.76666667,110.678,2.24583333,90.7945,22.836375
COLEGIO GAITÁN,2023-02-14,2023,2,14,683.3325909,1.38468182,27.65909091,229.4020455,0.1,18.17272727,29.54090909,146.8183182,1.97727273,79.20004545,24.41190909
COLEGIO GAITÁN,2023-02-13,2023,2,13,682.84775,1.49375,31.1625,239.339,0.35833333,18.2625,27.25,121.977375,2.19583333,82.90779167,23.68329167
COLEGIO GAITÁN,2023-02-12,2023,2,12,682.205375,1.59854167,33.51666667,204.7225,0,21.0625,32.99583333,136.6008333,2.6125,75.39854167,24.556125
COLEGIO GAITÁN,2023-02-11,2023,2,11,682.5625417,1.57925,40.3375,232.3908333,0,23.44166667,39.90833333,127.9345417,2.04166667,75.22470833,24.70804167
COLEGIO GAITÁN,2023-02-10,2023,2,10,682.831625,1.545,46.525,245.2336667,0,37.18333333,52,132.9230833,2.32083333,74.406375,24.69533333
COLEGIO GAITÁN,2023-02-09,2023,2,9,683.4664167,1.53195833,38.3375,227.00725,0,16.05416667,30.69166667,108.2999583,2.04166667,75.34533333,23.52079167
COLEGIO GAITÁN,2023-02-08,2023,2,8,683.1312083,1.77629167,45.85,249.7587917,0,15.95,31.8,140.9685,2.03333333,72.29070833,24.38658333
COLEGIO GAITÁN,2023-02-07,2023,2,7,683.3160417,1.78491667,37.05,188.5975,0,25.01666667,44.10416667,136.356125,2.35,72.40008333,24.63770833
COLEGIO GAITÁN,2023-02-06,2023,2,6,683.6744783,1.34891304,40.56956522,245.4000435,0,25.43913043,40.95217391,104.4285652,1.83478261,73.38543478,24.17069565
COLEGIO GAITÁN,2023-02-05,2023,2,5,684.2907917,1.4585,51.94583333,240.9247917,0,28.5125,41.1875,134.0475417,1.79166667,74.88291667,24.20220833
COLEGIO GAITÁN,2023-02-04,2023,2,4,685.0655833,1.536,54.25833333,253.8107083,0,26.91666667,42.38333333,124.2512917,2.0625,71.83279167,23.87925
COLEGIO GAITÁN,2023-02-03,2023,2,3,684.1575,1.51133333,52.3875,246.9216667,0,25.0375,40.275,141.78475,1.84583333,68.11870833,23.9095
COLEGIO GAITÁN,2023-02-02,2023,2,2,683.9166667,1.41091667,49.98333333,267.25575,0,25.0125,41.32916667,162.086125,2.23333333,69.36608333,23.398125
COLEGIO GAITÁN,2023-02-01,2023,2,1,684.052625,1.54695833,46.3125,218.0259167,0,19.3,34.08333333,163.782125,2.225,67.379625,23.91404167
COLEGIO GAITÁN,2023-01-31,2023,1,31,684.0270417,1.48129167,47.51666667,215.419875,0,15.05833333,27.95,139.0784583,1.775,66.26395833,24.347
COLEGIO GAITÁN,2023-01-30,2023,1,30,683.7632083,1.50025,44.85,248.1690417,0,17.15,29.64166667,161.520625,1.9875,70.40845833,24.0305
COLEGIO GAITÁN,2023-01-29,2023,1,29,683.106375,1.52220833,48.94166667,215.5955833,0,17.1625,29.14166667,164.7343333,1.69166667,67.977125,23.76920833
COLEGIO GAITÁN,2023-01-28,2023,1,28,683.3239167,1.402,46.2,241.8619583,0,17.27083333,31.95416667,163.4372083,2.00833333,66.77295833,23.26016667
COLEGIO GAITÁN,2023-01-27,2023,1,27,683.43575,1.55241667,45.175,222.015875,0,16.20416667,31.6,164.56075,1.68333333,67.67466667,23.618125
COLEGIO GAITÁN,2023-01-26,2023,1,26,683.2497917,1.37508333,35.56666667,256.5841667,0,12.83333333,27.22083333,166.833875,1.67916667,69.01579167,23.0705
COLEGIO GAITÁN,2023-01-25,2023,1,25,683.3906667,1.25945833,33.03333333,243.5564167,0,17.67916667,31.77083333,135.516875,1.7125,76.091375,23.44141667
COLEGIO GAITÁN,2023-01-24,2023,1,24,683.7883478,1.19817391,37.93043478,268.4101739,0,21.26086957,34.7,91.28886957,1.6826087,82.67408696,23.13178261
COLEGIO GAITÁN,2023-01-23,2023,1,23,684.07375,1.31116667,35.70416667,264.7439167,0,20.77916667,34.21666667,140.0992917,1.80833333,81.061125,23.371375
COLEGIO GAITÁN,2023-01-22,2023,1,22,683.3195833,1.33741667,30.26666667,257.0066667,0,21.11666667,33.10416667,107.3021667,2.15,82.53379167,22.67704167
COLEGIO GAITÁN,2023-01-21,2023,1,21,683.6324167,1.52354167,40.59583333,213.3814167,0,15.38333333,24.52916667,158.6003333,1.46666667,72.83491667,23.42954167
COLEGIO GAITÁN,2023-01-20,2023,1,20,684.5275417,1.64804167,36.95,208.0426667,0.00833333,13.99166667,24.37916667,141.0630833,1.9,75.01254167,23.34883333
COLEGIO GAITÁN,2023-01-19,2023,1,19,684.650875,1.444875,31.725,222.7384167,0.06666667,16.2875,26.47916667,125.628625,1.81666667,83.76658333,22.9515
COLEGIO GAITÁN,2023-01-18,2023,1,18,684.1942917,1.53129167,27.3,188.139625,0.00833333,14.69166667,26.50833333,132.5231667,2.23333333,79.79020833,23.08075
COLEGIO GAITÁN,2023-01-17,2023,1,17,683.778625,1.45220833,17.16666667,242.3491667,0,13.84166667,24.29583333,151.6767083,1.70625,81.64733333,23.57820833
COLEGIO GAITÁN,2023-01-16,2023,1,16,684.428,1.65404348,29.47391304,228.785913,0,10.22608696,18.43478261,150.346913,0.29565217,81.80730435,23.17295652
COLEGIO GAITÁN,2023-01-15,2023,1,15,684.8338261,1.60508696,30.25217391,238.2895217,0,10.6173913,17.84782609,136.6782609,0.60869565,83.3673913,23.188
COLEGIO GAITÁN,2023-01-14,2023,1,14,684.7208333,1.44583333,25.66666667,231.0333333,0.125,12.89166667,23.54583333,125.1958333,0.74583333,85.59583333,22.79166667
COLEGIO GAITÁN,2023-01-13,2023,1,13,684.3333333,1.52916667,23.32916667,195.0458333,0.00833333,9.4375,18.6375,127.7416667,0.90434783,83.34166667,23.29583333
COLEGIO GAITÁN,2023-01-12,2023,1,12,684.8391304,1.40434783,20.34782609,256.4130435,0,9.97391304,21.0826087,120.9434783,0.92,85.03043478,22.67391304
COLEGIO GAITÁN,2023-01-11,2023,1,11,685.2083333,1.37083333,25.98333333,238.6583333,0.49166667,7.00833333,14.64166667,110.7208333,0.42916667,86.58333333,21.65833333
COLEGIO GAITÁN,2023-01-10,2023,1,10,685.4583333,1.35416667,29.10416667,233.2958333,0.94166667,5.94166667,11.40833333,127.9666667,0.6375,90.5375,21.5125
COLEGIO GAITÁN,2023-01-09,2023,1,9,685.2913044,1.33478261,23.50869565,244.1086957,0.26956522,8.16956522,13.5826087,89.86086957,0.36521739,88.83913043,22.4173913
COLEGIO GAITÁN,2023-01-08,2023,1,8,685.373913,1.32608696,23.11818182,256,0.09565217,8.6173913,14.6173913,116.6826087,0.4,90.7,22.74347826
COLEGIO GAITÁN,2023-01-07,2023,1,7,685.2416667,1.1875,19.97083333,253.4208333,0.01666667,15.4625,25.6625,91.79166667,1.1625,,22.67083333
COLEGIO GAITÁN,2023-01-06,2023,1,6,684.9125,1.2375,28.79583333,278.2333333,0,11.2375,21.62916667,125.4875,1.22142857,,22.97083333
COLEGIO GAITÁN,2023-01-05,2023,1,5,684.7791667,1.3,24.25,227.35,0,8.25416667,16.47916667,123.8291667,0.82083333,,22.69166667
COLEGIO GAITÁN,2023-01-04,2023,1,4,685.0173913,1.32608696,20.56956522,221.8913044,0.06956522,6.55652174,13.34782609,110.4869565,1.51304348,,21.91304348
COLEGIO GAITÁN,2023-01-03,2023,1,3,685.3625,1.25833333,20.92916667,248.3458333,0.8875,6.12083333,11.33333333,107.1041667,1.02916667,,21.825
COLEGIO GAITÁN,2023-01-02,2023,1,2,685.1041667,1.35,18.02916667,189.6458333,0,10.3,17.62083333,99.59583333,1.27083333,,21.91666667
COLEGIO GAITÁN,2023-01-01,2023,1,1,685.175,1.425,34.16,237.435,0.865,9.275,13.4,158.125,0.5,,22.795
COLEGIO GAITÁN,2022-12-31,2022,12,31,684.6608696,1.43043478,30.1,252.2782609,0,15.93913043,24.22173913,142.3043478,0.70434783,78.98636364,23.67391304
COLEGIO GAITÁN,2022-12-30,2022,12,30,684.1416667,1.34166667,31.75,230.4375,0.00833333,17.85416667,25.8375,142.5375,0.8375,79.30416667,23.52916667
COLEGIO GAITÁN,2022-12-29,2022,12,29,685.0666667,1.5,30.44583333,219.0375,1.19583333,10.42916667,16.71666667,118.5416667,0.36153846,87.175,22.4875
COLEGIO GAITÁN,2022-12-28,2022,12,28,685.1,1.43333333,39.52916667,241.5875,0,13.76666667,22.85416667,133.5666667,0.40833333,80.50833333,23.63333333
COLEGIO GAITÁN,2022-12-27,2022,12,27,684.7708333,1.42916667,36.04583333,270.8041667,0,16.48333333,31.30833333,144.9791667,2.04545455,80.0625,23.25416667
COLEGIO GAITÁN,2022-12-26,2022,12,26,683.8,1.3625,32.67083333,240.7583333,0,13.05833333,24.04583333,139.4458333,0.65416667,74.70416667,23.25833333
COLEGIO GAITÁN,2022-12-25,2022,12,25,683.2041667,1.39583333,38.44166667,218.4041667,0,18,27.3,156.8791667,0.65,69.36666667,23.55833333
COLEGIO GAITÁN,2022-12-24,2022,12,24,683.3666667,1.37916667,36.05833333,231.9166667,0,16.59166667,28.59166667,151.1291667,1.025,69.4375,24.14166667
COLEGIO GAITÁN,2022-12-23,2022,12,23,683.5958333,1.34166667,34.3875,268.3791667,0,17.36666667,32.69583333,156.05,1.53333333,76.79166667,24.41666667
COLEGIO GAITÁN,2022-12-22,2022,12,22,683.6208333,1.3,34.4875,228.8708333,0,16.20833333,32.025,142.1083333,1.07058824,79.54583333,24.09166667
COLEGIO GAITÁN,2022-12-21,2022,12,21,683.85,1.35833333,35.10416667,233.6166667,0,13.025,25.55833333,152.2416667,1.12083333,76.775,24.16666667
COLEGIO GAITÁN,2022-12-20,2022,12,20,684.1625,1.35416667,33.13333333,240.1,0,14.0125,26.3125,131.1333333,0.82083333,80.575,23.58333333
COLEGIO GAITÁN,2022-12-19,2022,12,19,684.1916667,1.3875,30.74583333,253.0833333,0,12.04166667,22.03333333,140.3166667,0.76666667,80.12083333,23.31666667
COLEGIO GAITÁN,2022-12-18,2022,12,18,683.3125,1.2875,22.93333333,229.7416667,0,13.4625,24.14583333,111.7291667,0.8375,83.55416667,22.8875
COLEGIO GAITÁN,2022-12-17,2022,12,17,682.1916667,1.2375,30.32083333,241.6208333,0,12.8875,23.3875,127.5125,2.12916667,80.16666667,23.84583333
COLEGIO GAITÁN,2022-12-16,2022,12,16,682.7208333,1.3375,28.9125,267.7625,0,13.375,23.49166667,150.2375,3.47727273,81.20833333,23.9125
COLEGIO GAITÁN,2022-12-15,2022,12,15,683.4791667,1.30833333,20.675,274.8708333,0,11.35454545,19.58636364,153.0166667,2.75454545,83.29583333,23.64583333
COLEGIO GAITÁN,2022-12-14,2022,12,14,683.4708333,1.29166667,18.23333333,208.6333333,0.00833333,10.775,22.09583333,117.8375,1.85294118,83.45416667,23.225
COLEGIO GAITÁN,2022-12-13,2022,12,13,683.6166667,1.4,28.36666667,217.1833333,1.05416667,9.7125,17.27083333,112.9166667,2.59166667,89.89166667,22.52916667
COLEGIO GAITÁN,2022-12-12,2022,12,12,683.8708333,1.43333333,26.53333333,248.7583333,0.35,10.075,18.55833333,124.7083333,2.16666667,85.40416667,22.9
COLEGIO GAITÁN,2022-12-11,2022,12,11,684.1625,1.40416667,21.29583333,189.7416667,0.01666667,12.08333333,19.80833333,114.2375,2.15,87.27916667,22.40416667
COLEGIO GAITÁN,2022-12-10,2022,12,10,684.1833333,1.43333333,32.2,227.9625,0.3375,12.45416667,20.74166667,138.1375,2.15833333,84.4875,22.55833333
COLEGIO GAITÁN,2022-12-09,2022,12,9,683.4875,1.30416667,34.7875,254.7458333,0,10.94166667,20.41666667,108.2666667,2.22083333,82.47916667,22.18333333
COLEGIO GAITÁN,2022-12-08,2022,12,8,683.9791667,1.3375,31.72916667,251.0333333,0,13.5,22.69166667,152.8916667,2.14583333,79.77083333,22.19166667
COLEGIO GAITÁN,2022-12-07,2022,12,7,684.675,1.52916667,30.49166667,190.1125,0.075,8.73333333,15.29583333,138.6916667,1.3875,78.54583333,22.425
COLEGIO GAITÁN,2022-12-06,2022,12,6,683.9416667,1.44583333,26.45416667,210.4583333,0.10833333,6.46666667,13.9875,134.2791667,1.5375,83.3125,22.625
COLEGIO GAITÁN,2022-12-05,2022,12,5,683.375,1.40833333,27.72916667,219.9458333,0.025,7.4625,14.20833333,130.2458333,1.52083333,83.15,22.43333333
COLEGIO GAITÁN,2022-12-04,2022,12,4,683.2125,1.39583333,27.77083333,219.6375,0,6.64583333,12.79583333,136.3333333,1.935,83.20833333,22.78333333
COLEGIO GAITÁN,2022-12-03,2022,12,3,683.7708333,1.34166667,28.37916667,199.3833333,0,9.675,16.93333333,134.0833333,2.34166667,81.69583333,22.5125
COLEGIO GAITÁN,2022-12-02,2022,12,2,683.3166667,1.37083333,24.82083333,219.0291667,0.00833333,6.87083333,15.7125,134.5416667,2.825,80.40833333,22.425
COLEGIO GAITÁN,2022-12-01,2022,12,1,683.275,1.30833333,17.62083333,157.1708333,0.025,6.82083333,17.80416667,78.47916667,2.35833333,85.125,21.71666667
COLEGIO GAITÁN,2022-11-30,2022,11,30,683.5666667,1.3875,18.6625,178.0291667,0,4.975,12.41666667,87.12083333,1.85416667,89.09166667,21.825
COLEGIO GAITÁN,2022-11-29,2022,11,29,683.5416667,1.34583333,25.5,213.7333333,0.01666667,5.3375,11.72916667,104.9875,2.03333333,88.27083333,22.15416667
COLEGIO GAITÁN,2022-11-28,2022,11,28,683.8916667,1.49583333,14.37826087,222.1583333,0,5.12083333,10.2375,124.8833333,3,88.13333333,22.075
COLEGIO GAITÁN,2022-11-27,2022,11,27,684.6166667,1.27916667,4.1,243.5958333,0.24166667,9.0625,14.85833333,93.95833333,3.25454545,89.95,21.95833333
COLEGIO GAITÁN,2022-11-26,2022,11,26,684.9041667,1.32083333,11.50714286,204.7583333,0.875,6.66666667,13.05416667,95.63333333,4.455,88.9375,22.32916667
COLEGIO GAITÁN,2022-11-25,2022,11,25,683.9875,1.42083333,17.25416667,255.7041667,0.025,7.93333333,16.22916667,123.4,2.74285714,86.2875,22.925
COLEGIO GAITÁN,2022-11-24,2022,11,24,683.8541667,1.50416667,23.25833333,182.1208333,0.025,8.72083333,17.27916667,125.8333333,,82.81666667,22.875
COLEGIO GAITÁN,2022-11-23,2022,11,23,683.8708333,1.475,26.35416667,241.6583333,0.06666667,6.47916667,13.79166667,142.7208333,2.10434783,83.625,22.92083333
COLEGIO GAITÁN,2022-11-22,2022,11,22,683.6958333,1.4875,25.89166667,222.15,0.49583333,5.2,11.52916667,152.5,1.72916667,86.32916667,23.47083333
COLEGIO GAITÁN,2022-11-21,2022,11,21,683.325,1.49583333,16.62,251.4583333,0.075,5.99166667,12.5125,102.9708333,2.96,89.22916667,22.6625
COLEGIO GAITÁN,2022-11-20,2022,11,20,682.725,1.44166667,23.975,226.575,0.34583333,6.89583333,14.45833333,156.975,2.3375,84.825,23.64583333
COLEGIO GAITÁN,2022-11-19,2022,11,19,683.1208333,1.225,23.2875,245.0208333,0.10833333,7.87083333,14.79583333,151.4875,1.75,84.57083333,23.35
COLEGIO GAITÁN,2022-11-18,2022,11,18,684.3125,1.27083333,12.1625,201.2041667,0.67083333,8.5625,22.00833333,40.07083333,2.8375,94.62916667,21
COLEGIO GAITÁN,2022-11-17,2022,11,17,683.7375,1.225,13.77368421,229.8791667,0.40833333,8.70833333,21.05416667,72.00416667,2.2,87.23333333,23
COLEGIO GAITÁN,2022-11-16,2022,11,16,684.2125,1.375,18.28095238,223.7833333,0.55833333,7.15,15.37916667,115.6708333,2.05416667,83.825,23.75416667
COLEGIO GAITÁN,2022-11-15,2022,11,15,683.9625,1.33333333,16.63636364,215.7666667,0.5875,7.87083333,14.93333333,127.1125,1.56666667,85.575,23.575
COLEGIO GAITÁN,2022-11-14,2022,11,14,683.9458333,1.3875,17.42916667,241.475,0.08333333,4.84583333,9.55833333,118.5166667,1.34166667,88.4875,22.72916667
COLEGIO GAITÁN,2022-11-13,2022,11,13,684.1083333,1.38333333,12.65454545,263.8166667,0.225,6.00416667,10.49166667,157.8833333,2.25714286,89.31666667,22.28333333
COLEGIO GAITÁN,2022-11-12,2022,11,12,684.3291667,1.5625,10.12,186.35,0.275,10.40416667,16.975,128.4916667,2.4625,91.78333333,21.42916667
COLEGIO GAITÁN,2022-11-11,2022,11,11,684.7458333,1.5625,14.76,190.6458333,0.58333333,10.7875,23.00833333,107.4125,2.45833333,91.5125,21.2875
COLEGIO GAITÁN,2022-11-10,2022,11,10,685.2708333,1.4625,19.62916667,207.6125,0.11666667,6.80416667,14.3875,91.88333333,2.18333333,87.75833333,21.925
COLEGIO GAITÁN,2022-11-09,2022,11,9,685.2041667,1.4375,22.81666667,222.3958333,0.95833333,4.74166667,12.2,133.2041667,1.88333333,83.70833333,22.47083333
COLEGIO GAITÁN,2022-11-08,2022,11,8,685.3208333,1.76666667,19.875,222.8125,0.52916667,3.99166667,10.5125,137.1583333,1.62631579,86.40416667,22.51666667
COLEGIO GAITÁN,2022-11-07,2022,11,7,684.7708333,1.72916667,20.32916667,221.6333333,1.4625,5.40833333,12.34583333,142.6583333,1.6,85.10833333,22.85416667
COLEGIO GAITÁN,2022-11-06,2022,11,6,684.5416667,1.54166667,19.94166667,227.2458333,0.01666667,4.61666667,9.76666667,138.0791667,1.4875,88.42916667,22.38333333
COLEGIO GAITÁN,2022-11-05,2022,11,5,684.3708333,1.3625,22.35833333,291.85,0.275,5.88333333,11.65416667,94.25416667,1.34166667,89.90416667,22.38333333
COLEGIO GAITÁN,2022-11-04,2022,11,4,684.4375,1.425,19.525,224.975,0.025,8.34583333,16.01666667,128.1083333,2.18333333,88.99166667,22.72916667
COLEGIO GAITÁN,2022-11-03,2022,11,3,684.2708333,1.20416667,19.07826087,186.6,0.4125,13.2375,23.8625,94.5375,1.8,90.55,22.67083333
COLEGIO GAITÁN,2022-11-02,2022,11,2,684.6833333,1.36666667,19.55416667,242.9333333,0.25833333,10.41666667,21.04166667,106.8208333,0.38,83.37916667,23.13333333
COLEGIO GAITÁN,2022-11-01,2022,11,1,684.5541667,1.375,24.37083333,232.6583333,0.575,8.51666667,17.05416667,167.9375,1.82777778,76.34583333,23.47083333
COLEGIO GAITÁN,2022-10-31,2022,10,31,683.9458333,1.37916667,26.8875,236.7458333,2.1875,9.92083333,17.9625,184.4625,2.17916667,79.975,22.65833333
COLEGIO GAITÁN,2022-10-30,2022,10,30,684.1208333,1.36666667,26.80454545,244.2833333,1.16666667,8.30416667,18.37083333,168.225,2.14166667,81.62916667,22.01666667
COLEGIO GAITÁN,2022-10-29,2022,10,29,685.2375,1.32083333,21.5375,252.3375,1.8875,11.425,21.575,158.9916667,2.02916667,83.8125,22.10833333
COLEGIO GAITÁN,2022-10-28,2022,10,28,684.8916667,1.40416667,20.7625,234.2125,0.3375,6.47083333,13.34583333,103.7291667,1.04285714,93.07916667,21.6375
COLEGIO GAITÁN,2022-10-27,2022,10,27,684.0541667,1.2375,16.49166667,169.6458333,0.5875,5.54166667,13.075,91.475,1.45238095,91.65416667,22.01666667
COLEGIO GAITÁN,2022-10-26,2022,10,26,683.9791667,1.225,15.21666667,212.6458333,0.06666667,5.96666667,13.59583333,79.8375,1.72916667,90.4125,22.31666667
COLEGIO GAITÁN,2022-10-25,2022,10,25,684.6875,1.59166667,31.425,183.3708333,1.65833333,4.60833333,11.07916667,118.05,1.3625,87.8,22.575
COLEGIO GAITÁN,2022-10-24,2022,10,24,684.5791667,1.5,21.34583333,206.9208333,0.08333333,5.175,11.72916667,138.8583333,1.29166667,88,23.1125
COLEGIO GAITÁN,2022-10-23,2022,10,23,684.2375,1.45416667,21.62083333,194.5541667,0.175,4.74090909,8.99090909,142.2333333,1.12083333,89.76666667,22.44583333
COLEGIO GAITÁN,2022-10-22,2022,10,22,684.0166667,1.675,26.07083333,171.2166667,0.82916667,5.71666667,11.1125,101.5125,1.84166667,88.27916667,22.1875
COLEGIO GAITÁN,2022-10-21,2022,10,21,684.275,1.6125,24.08333333,210,0.42083333,7.48333333,15.80833333,182.0833333,1.29166667,83.2625,23.02916667
COLEGIO GAITÁN,2022-10-20,2022,10,20,684.8041667,1.375,14.2,135.6708333,0.05833333,5.53333333,16.16666667,82.3375,1.90909091,88.6375,22.07083333
COLEGIO GAITÁN,2022-10-19,2022,10,19,684.8041667,1.4125,24.37916667,254.3583333,0.10833333,8.70416667,15.72083333,137.8458333,1.75,87.47916667,22.34166667
COLEGIO GAITÁN,2022-10-18,2022,10,18,684.6458333,1.51666667,21.85416667,214.7833333,0.2,4.5375,11.47083333,105.7833333,1.28,89.7875,21.7875
COLEGIO GAITÁN,2022-10-17,2022,10,17,683.9875,1.59166667,24.69166667,205.775,0.59166667,4.575,9.5875,152.1458333,1.44347826,87.3,22.35
COLEGIO GAITÁN,2022-10-16,2022,10,16,684.0416667,1.6625,21.875,238.1583333,1.16666667,5.19583333,10.74166667,147.2916667,1.6625,85.05416667,22.87083333
COLEGIO GAITÁN,2022-10-15,2022,10,15,684.21,1.23,18.36315789,250.67,0,6.64,12.98,69.545,2.44444444,88.225,22.5
COLEGIO GAITÁN,2022-10-14,2022,10,14,684.6166667,1.425,31.525,230.8833333,0,6.52083333,14.51666667,136.075,,84.62083333,22.85833333
COLEGIO GAITÁN,2022-10-13,2022,10,13,684.6041667,1.425,25.76,222.2833333,0.00833333,12.51666667,24.42916667,123.125,,88.57083333,22.27916667
COLEGIO GAITÁN,2022-10-12,2022,10,12,684.4125,1.28333333,23.18571429,201.8541667,1.44166667,10.325,22.2375,104.0916667,,85.5125,22.61666667
COLEGIO GAITÁN,2022-10-11,2022,10,11,684.975,1.31666667,24.10833333,215.05,0,8.3,18.43333333,131.275,,80.27083333,23.69583333
COLEGIO GAITÁN,2022-10-10,2022,10,10,684.6708333,1.475,27.9,228.7208333,0.00833333,5.88333333,12.125,164.75,,85.04166667,22.95
COLEGIO GAITÁN,2022-10-09,2022,10,9,684.2173913,1.55217391,29.09565217,197.9434783,1.79130435,5.57826087,11.29130435,113.3869565,0.66363636,89.22608696,21.87391304
COLEGIO GAITÁN,2022-10-08,2022,10,8,683.325,1.40416667,26.62916667,238.7916667,0.00833333,8.27916667,15.075,125.5833333,0.39583333,87.9625,22.79166667
COLEGIO GAITÁN,2022-10-07,2022,10,7,683.2208333,1.375,25.30416667,262.3333333,0.175,10.44166667,17.8125,169.7833333,0.67916667,87.1,22.98333333
COLEGIO GAITÁN,2022-10-06,2022,10,6,684.2333333,1.42083333,26.49583333,173.3583333,0.4125,7.3375,15.00416667,82.7375,0.50416667,90.01666667,21.7
COLEGIO GAITÁN,2022-10-05,2022,10,5,684.2708333,1.37916667,30.31666667,189.825,0.10833333,5.375,12.15833333,99.12916667,0.27083333,87.87083333,22.20833333
COLEGIO GAITÁN,2022-10-04,2022,10,4,683.8083333,1.5875,21.93809524,212.0125,0.00833333,8.84583333,17.425,156.7916667,1.75882353,78.94583333,23.7625
COLEGIO GAITÁN,2022-10-03,2022,10,3,684.825,1.2625,26.16666667,217.8708333,0.01666667,8.3,17.7625,127.9541667,1.6,83.44166667,23.39166667
COLEGIO GAITÁN,2022-10-02,2022,10,2,685.6913044,1.33043478,33.7,249.5347826,0.03478261,5.78181818,10.85909091,156.6565217,1.0826087,82.97826087,23.15652174
COLEGIO GAITÁN,2022-10-01,2022,10,1,685.1291667,1.62083333,34.62916667,220.85,0.29166667,4.81666667,9.62916667,108.425,1.27083333,88.29166667,21.475
COLEGIO GAITÁN,2022-09-30,2022,9,30,683.6208333,1.40416667,34.97083333,217.3291667,0.1,6.56666667,13.17083333,146.3166667,1.8125,84.70833333,22.52083333
COLEGIO GAITÁN,2022-09-29,2022,9,29,684.2208333,1.75416667,45.0375,230.8708333,0.00833333,4.14583333,9.41666667,177.725,1.39166667,79.35416667,22.96666667
COLEGIO GAITÁN,2022-09-28,2022,9,28,684.7666667,1.70416667,34.15416667,191.4208333,0.85416667,7.43333333,15.68333333,99.1125,1.75833333,88.24166667,22.45
COLEGIO GAITÁN,2022-09-27,2022,9,27,684.5958333,1.54166667,28.17083333,225.1291667,0.00833333,7.175,14.6125,134.7375,2.14166667,83.45416667,23.27083333
COLEGIO GAITÁN,2022-09-26,2022,9,26,683.9041667,1.44583333,21.0125,153,0.025,11.20833333,22.05833333,128.7791667,1.6625,83.53333333,23.4125
COLEGIO GAITÁN,2022-09-25,2022,9,25,683.6434783,1.36086957,36.92608696,248.9304348,0.00869565,5.13478261,10.11304348,153.3913044,1.39565217,83.07391304,22.99130435
COLEGIO GAITÁN,2022-09-24,2022,9,24,684.1416667,2.09166667,29.49583333,159.525,0.04166667,6.47083333,13.78333333,117.8583333,1.42916667,83.35416667,22.51666667
COLEGIO GAITÁN,2022-09-23,2022,9,23,684.8,1.45,28.94166667,253.9625,0.2,7.45416667,13.75416667,145.8875,1.625,88.30833333,22.51666667
COLEGIO GAITÁN,2022-09-22,2022,9,22,685.0208333,1.4125,22.24583333,236.5291667,0.05,8.75833333,16.72083333,107.1791667,1.61666667,89,21.75
COLEGIO GAITÁN,2022-09-21,2022,9,21,684.8666667,1.39166667,24.2875,251.7916667,0.51666667,6.5375,15.47083333,142.2541667,1.75416667,84.7375,22.4625
COLEGIO GAITÁN,2022-09-20,2022,9,20,685.0666667,1.38333333,20.35,218.0916667,0.00833333,7.60833333,16.62916667,126.6375,2.42222222,86.725,22.40416667
COLEGIO GAITÁN,2022-09-19,2022,9,19,685.3958333,1.25833333,28.11666667,220.0708333,0.1,3.20416667,8.7125,117.5916667,1.40416667,88.82916667,21.64583333
COLEGIO GAITÁN,2022-09-18,2022,9,18,684.5295652,1.67608696,30.02608696,201.2049565,0.66956522,4.52777778,9.91111111,144.465,1.95652174,84.64452174,22.61591304
COLEGIO GAITÁN,2022-09-17,2022,9,17,684.6798333,1.414375,28.6625,267.1788333,0.00833333,6.37916667,12.9,154.8092917,1.84166667,86.2185,22.41804167
COLEGIO GAITÁN,2022-09-16,2022,9,16,684.6203333,1.55970833,27.33333333,215.8692917,0.641625,8.54166667,16.95833333,127.776625,1.67083333,85.58920833,22.79225
COLEGIO GAITÁN,2022-09-15,2022,9,15,684.4647917,1.53795833,29.32916667,264.161875,0,8.62916667,17.48333333,174.382875,2.0375,83.791875,23.78904167
COLEGIO GAITÁN,2022-09-14,2022,9,14,684.5911667,1.5675,33.45833333,235.0649583,0,5.69166667,12.175,196.5645833,1.6125,81.97033333,22.971625
COLEGIO GAITÁN,2022-09-13,2022,9,13,684.7190833,1.65545833,25.39583333,205.7102917,0.625,4.6875,11.03333333,149.9711667,1.64166667,89.00366667,21.73820833
COLEGIO GAITÁN,2022-09-12,2022,9,12,685.1147917,1.595375,25.20416667,238.8694167,0.85,5.825,11.875,154.71425,1.54583333,83.45075,22.9285
COLEGIO GAITÁN,2022-09-11,2022,9,11,685.6829565,1.57804348,27.90869565,211.513913,0,8.59130435,14.46956522,161.9553478,1.60434783,82.06678261,23.54752174
COLEGIO GAITÁN,2022-09-10,2022,9,10,685.1649167,1.67433333,33.10833333,237.738,0.4,11.2,18.06666667,171.4711667,2.13333333,80.24533333,23.89508333
COLEGIO GAITÁN,2022-09-09,2022,9,9,684.3132083,1.49033333,32.52083333,218.0011667,0,9.46666667,16.00833333,173.0615,2.10833333,80.51866667,24.04866667
COLEGIO GAITÁN,2022-09-08,2022,9,8,684.3080833,1.495625,33.20416667,228.2875833,0,12.64583333,19.50416667,117.4410417,1.725,86.35325,23.347
COLEGIO GAITÁN,2022-09-07,2022,9,7,685.1904167,1.39533333,30.6125,227.4749167,0.00833333,15.69583333,22.50416667,147.014375,2.0375,83.385875,23.84841667
COLEGIO GAITÁN,2022-09-06,2022,9,6,685.7253333,1.25104167,20,217.8365417,0.03333333,18.08333333,24.97083333,107.1104167,2.69411765,85.645,23.488375
COLEGIO GAITÁN,2022-09-05,2022,9,5,685.3675833,1.13729167,24.89166667,208.1561667,0.025,9.13333333,16.07916667,94.63025,1.7875,87.49175,22.719
COLEGIO GAITÁN,2022-09-04,2022,9,4,684.1156957,1.54126087,23.45217391,179.7423913,0.19130435,4.50434783,9.25217391,144.9457826,1.64782609,84.98878261,22.60426087
COLEGIO GAITÁN,2022-09-03,2022,9,3,683.7650417,2.08854167,31.67083333,223.6625,0.45829167,6.60833333,11.59583333,195.5259167,1.58333333,81.51129167,23.59704167
COLEGIO GAITÁN,2022-09-02,2022,9,2,683.9280417,1.44854167,25.05416667,258.3960833,0.06666667,9.48333333,15.67916667,155.6950417,1.81666667,85.0175,23.23504167
COLEGIO GAITÁN,2022-09-01,2022,9,1,684.2962917,1.5725,35.05,247.2555417,1.141625,5.92083333,10.96666667,174.1662917,1.82916667,85.195625,22.8885
COLEGIO GAITÁN,2022-08-31,2022,8,31,684.6387083,1.40970833,33.325,259.8134167,0,7.89583333,15.02083333,150.9109583,2.15833333,80.71275,23.98579167
COLEGIO GAITÁN,2022-08-30,2022,8,30,684.77525,1.58404167,32.44166667,219.5354167,0,8.725,16.74583333,172.7273333,1.4875,79.27041667,23.799
COLEGIO GAITÁN,2022-08-29,2022,8,29,685.5252917,1.50395833,29.79166667,242.924875,0.13333333,9.89166667,17.71666667,124.416625,1.75833333,84.40204167,22.086125
COLEGIO GAITÁN,2022-08-28,2022,8,28,684.6157391,1.868,37.08695652,191.5823044,0.0173913,7.01304348,11.33913043,161.6961739,1.36956522,84.61282609,22.97208696
COLEGIO GAITÁN,2022-08-27,2022,8,27,684.1569583,1.58966667,32,213.3710417,0.01666667,9.59583333,16.8375,210.5042917,1.73913043,78.01195833,23.549125
COLEGIO GAITÁN,2022-08-26,2022,8,26,685.346,1.68991667,24.6875,227.1714167,0.00833333,12.55833333,24.87916667,145.6410833,2.02083333,81.678625,22.67583333
COLEGIO GAITÁN,2022-08-25,2022,8,25,685.36775,1.49920833,28.30833333,213.21775,0,15.03333333,26.9125,122.030625,1.7125,80.90895833,23.17379167
COLEGIO GAITÁN,2022-08-24,2022,8,24,684.722,1.47341667,28.55833333,275.783375,0,15.59583333,25.72916667,162.65475,2.22916667,80.71995833,23.77420833
COLEGIO GAITÁN,2022-08-23,2022,8,23,684.3391304,1.43913043,25.98636364,253.7478261,0,7.8173913,14.7173913,186.1391304,2.82666667,79.79565217,23.47826087
COLEGIO GAITÁN,2022-08-22,2022,8,22,684.7708333,1.39166667,24.42916667,185.6833333,0.025,5.68333333,14.05416667,118.0166667,2.5,86.57083333,22.45
COLEGIO GAITÁN,2022-08-21,2022,8,21,684.8458333,1.30833333,23.8125,211.1375,0.15,6.0625,11.71666667,156.6666667,2.10769231,88.6625,21.95416667
COLEGIO GAITÁN,2022-08-20,2022,8,20,684.6125,1.8875,30.45416667,225.0708333,0.19166667,12.62916667,25.8375,129.5833333,2.64583333,80.4375,23.54583333
COLEGIO GAITÁN,2022-08-19,2022,8,19,683.5041667,1.48333333,33.50833333,248.7916667,0,15.48333333,31.61666667,205.0625,3.04166667,76.49583333,24.675
COLEGIO GAITÁN,2022-08-18,2022,8,18,683.7565217,1.55217391,29.44347826,220,0,8.9173913,21.4173913,234.6347826,2.76521739,72.9,24.53478261
COLEGIO GAITÁN,2022-08-17,2022,8,17,684.5434783,1.50416667,21.38333333,231.625,0,5.9375,13.56666667,227.55,2.04166667,78.32083333,23.55833333
COLEGIO GAITÁN,2022-08-16,2022,8,16,685.875,1.55833333,15.7,239.7666667,0.11666667,3.475,9.9125,103.1208333,1.8,88.52083333,21.49166667
COLEGIO GAITÁN,2022-08-15,2022,8,15,684.6708333,1.43333333,21.25833333,238.0333333,0,4.00416667,9.12083333,157.2958333,,85.35416667,22.68333333
COLEGIO GAITÁN,2022-08-14,2022,8,14,685.3916667,1.49166667,20.91666667,218.3583333,1.23333333,8.89166667,14.6125,141.0958333,,87.9375,22.25
COLEGIO GAITÁN,2022-08-13,2022,8,13,686.0833333,1.55416667,22.67916667,215.7166667,0.00833333,8.50416667,16.55833333,131.9,1.87333333,85.10416667,22.125
COLEGIO GAITÁN,2022-08-12,2022,8,12,685.6833333,1.81666667,29.27083333,181.0833333,0.00833333,5.59583333,12.30833333,158.7333333,1.61666667,77.15,23.32916667
COLEGIO GAITÁN,2022-08-11,2022,8,11,684.9333333,1.59166667,25.55,219.6666667,0.025,9.85833333,19.37083333,169.4791667,2.04583333,82.23333333,23.47083333
COLEGIO GAITÁN,2022-08-10,2022,8,10,684.9,1.525,20.7125,224.1416667,0.03333333,7.3375,15.4875,145.8666667,1.8,83.31666667,22.85
COLEGIO GAITÁN,2022-08-09,2022,8,9,683.9166667,1.58333333,22.27916667,245.7291667,0.5,9.2375,20.09583333,161.6041667,2.395,78.77083333,24.09583333
COLEGIO GAITÁN,2022-08-08,2022,8,8,683.2791667,1.46666667,26.3625,247.1458333,0,6.21666667,12.45,208.3958333,2.04166667,79.16666667,24.36666667
COLEGIO GAITÁN,2022-08-07,2022,8,7,684.1083333,1.42916667,22.3375,211.2208333,0,9.64583333,14.77083333,164.1875,2.19166667,87.12916667,23.40416667
COLEGIO GAITÁN,2022-08-06,2022,8,6,684.0916667,1.26666667,17.57083333,190.6083333,0.20833333,5.12083333,10.3,95.72916667,1.84583333,90.79166667,22.275
COLEGIO GAITÁN,2022-08-05,2022,8,5,683.3458333,1.40416667,16.67916667,201.05,0.00833333,6.4125,14.3125,103.2166667,1.52916667,86.50416667,22.9375
COLEGIO GAITÁN,2022-08-04,2022,8,4,683.7541667,1.34583333,22.87083333,240.375,0.56666667,7.32916667,14.64583333,162.2583333,1.55416667,86.525,23.025
COLEGIO GAITÁN,2022-08-03,2022,8,3,683.9666667,1.18333333,16.72916667,227.5125,0.175,7.70416667,16.81666667,125.6458333,1.77916667,88.90833333,21.99583333
COLEGIO GAITÁN,2022-08-02,2022,8,2,684.0625,1.47916667,9.95416667,265.2916667,0.83333333,8.88333333,16.7125,118.25,3.00909091,87.54583333,22.4875
COLEGIO GAITÁN,2022-08-01,2022,8,1,684.1166667,1.5375,25.6,274.0708333,0.01666667,9.19583333,16.22916667,170.8791667,2.25416667,83.475,23.35416667
COLEGIO GAITÁN,2022-07-31,2022,7,31,684.0608696,1.26956522,32.43478261,232.8695652,0.25652174,7.6173913,15.60869565,143.9130435,3.03478261,78.96086957,23.4826087
COLEGIO GAITÁN,2022-07-30,2022,7,30,684.0625,1.47083333,28.78333333,258.875,0,7.03333333,15.44166667,239.9333333,2.67916667,74.72083333,24.49583333
COLEGIO GAITÁN,2022-07-29,2022,7,29,684.8,1.63333333,22.64166667,210.7916667,0,4.5125,12.99583333,209.5125,2.57142857,80.6875,23.44166667
COLEGIO GAITÁN,2022-07-28,2022,7,28,685.4,1.55833333,22.16666667,203.5625,0.01666667,4.825,12.44166667,197.4916667,2.73333333,84.09583333,22.6375
COLEGIO GAITÁN,2022-07-27,2022,7,27,685.0958333,1.56666667,18.26666667,196.2291667,0.77083333,4.5125,12.76666667,129.8958333,2.8125,85,22.40833333
COLEGIO GAITÁN,2022-07-26,2022,7,26,685.4541667,1.34583333,16.24166667,202.5125,0.54166667,4.85416667,12.44583333,96.2625,2.54782609,88.86666667,22.01666667
COLEGIO GAITÁN,2022-07-25,2022,7,25,684.7333333,1.37083333,16.5875,197.1958333,0.05833333,7.29166667,16.45,129.0625,3.01666667,87.23333333,22.79583333
COLEGIO GAITÁN,2022-07-24,2022,7,24,684.3625,1.66666667,23.06666667,269.3291667,0,6.35833333,12.95,178.75,2.7,81.08333333,23.40833333
COLEGIO GAITÁN,2022-07-23,2022,7,23,684.2958333,1.64166667,18.05,244.225,0,6.57916667,14.00416667,185.7625,2.94583333,82.68333333,23.35833333
COLEGIO GAITÁN,2022-07-22,2022,7,22,684.3541667,1.33333333,16.64583333,207.9416667,0,9.94583333,17.11666667,131.7583333,3.0125,87.08333333,23.09166667
COLEGIO GAITÁN,2022-07-21,2022,7,21,684.1333333,1.15416667,19.5875,221.725,0.09166667,9.6375,17.17916667,126.0666667,3.575,86.04583333,23.05
COLEGIO GAITÁN,2022-07-20,2022,7,20,683.7625,1.10833333,21.05833333,228.1791667,0.05,6.50416667,13.83333333,128.0625,3.69583333,83.02083333,23.54166667
COLEGIO GAITÁN,2022-07-19,2022,7,19,684.4958333,1.3125,22.00833333,231.4291667,0.025,6.75,16.34583333,190.4916667,3.48333333,81.53333333,23.59166667
COLEGIO GAITÁN,2022-07-18,2022,7,18,685.0416667,1.44166667,21.5,244.225,0.30833333,5.30833333,12.6625,113.4416667,2.44166667,88.43333333,22.60833333
COLEGIO GAITÁN,2022-07-17,2022,7,17,683.8458333,1.31666667,21.9625,236.0125,0.05,9.9375,19.675,164.6958333,2.58333333,82.90416667,23.95416667
COLEGIO GAITÁN,2022-07-16,2022,7,16,684.0583333,1.51666667,23.52083333,268.7,0,11.62083333,25.9625,192.8458333,3.14583333,79.35833333,24.025
COLEGIO GAITÁN,2022-07-15,2022,7,15,685.05,1.48333333,24.27083333,233.9708333,0,11.38333333,23.47083333,214.6833333,3.30833333,76.52916667,24.175
COLEGIO GAITÁN,2022-07-14,2022,7,14,685.2458333,1.41666667,19.64166667,226.0125,0,7.58333333,17.18333333,229.6291667,3.7875,77.6,24.0875
COLEGIO GAITÁN,2022-07-13,2022,7,13,684.7708333,1.39583333,22.37083333,217.7208333,0,7.2125,14.925,151.725,3.05833333,83.525,23.75416667
COLEGIO GAITÁN,2022-07-12,2022,7,12,684.5,1.375,20.51666667,249.4458333,0,5.99583333,13.54166667,213.0958333,3.20833333,84.125,23.3125
COLEGIO GAITÁN,2022-07-11,2022,7,11,684.6291667,1.525,14.72916667,182.175,0.39166667,5.60833333,14.6625,81.40416667,3.23913043,89.80416667,21.90416667
COLEGIO GAITÁN,2022-07-10,2022,7,10,684.7291667,1.25416667,24.42083333,209.9958333,0,8.2875,15.34166667,155.15,3.48333333,80.225,24.09166667
COLEGIO GAITÁN,2022-07-09,2022,7,9,685.1833333,1.35416667,28.04583333,207.2791667,0,9.90833333,18.27083333,194.9458333,3.75833333,79.725,24.29166667
COLEGIO GAITÁN,2022-07-08,2022,7,8,684.5041667,1.38333333,21.15833333,191.5916667,0.19583333,6.49583333,13.35416667,106.9125,3.45,85.45,23.02083333
COLEGIO GAITÁN,2022-07-07,2022,7,7,683.525,1.48333333,22.12083333,236.9666667,0,6.69583333,16.60416667,163.9666667,2.675,80.30833333,23.8875
COLEGIO GAITÁN,2022-07-06,2022,7,6,684.2041667,1.37916667,13.95416667,219.2041667,0,8.70416667,19.17916667,182.2541667,4.74,85.1,22.77083333
COLEGIO GAITÁN,2022-07-05,2022,7,5,684.5958333,1.55833333,17.9,258.9166667,0.74583333,6.2875,13.04166667,204.4,2.65416667,84.425,23.4125
COLEGIO GAITÁN,2022-07-04,2022,7,4,684.5708333,1.17916667,17.725,230.8666667,0,6.6125,12.75416667,109.4,2.87916667,85.1125,23.675
COLEGIO GAITÁN,2022-07-03,2022,7,3,684.3291667,1.375,19.7375,277.075,0.04166667,8.26666667,13.31666667,179.0791667,3.47083333,85.11666667,23.92083333
COLEGIO GAITÁN,2022-07-02,2022,7,2,683.95,1.55,21.02916667,242.7458333,0,4.6,10.025,202.7375,2.625,83.025,23.4875
COLEGIO GAITÁN,2022-07-01,2022,7,1,683.8958333,1.525,19.33333333,198.4083333,0.40833333,6.9625,14.67083333,164.5875,3.46111111,87.24166667,22.8
COLEGIO GAITÁN,2022-06-30,2022,6,30,684.226087,1.46956522,20.16956522,249.5391304,0.1826087,6.4173913,14.18695652,195.5173913,,81.83478261,23.44782609
COLEGIO GAITÁN,2022-06-29,2022,6,29,685.1375,1.5,12.4875,137.6875,0.00833333,6.74166667,17.3375,16.9875,,87.8125,22.0875
COLEGIO GAITÁN,2022-06-28,2022,6,28,686,1.31176471,21.6625,284.0470588,0,5.29130435,12.86956522,239.4,,82.55882353,22.85294118
COLEGIO GAITÁN,2022-06-27,2022,6,27,685.7041667,1.56666667,24.45833333,242.075,0.01666667,2.87083333,7.44166667,195.6416667,,83.15,22.13333333
COLEGIO GAITÁN,2022-06-26,2022,6,26,685.6833333,1.46666667,25.37916667,202.0416667,0.45833333,3.28333333,7.50416667,130.6791667,,85.9125,22.0125
COLEGIO GAITÁN,2022-06-25,2022,6,25,684.9666667,1.24583333,19.71666667,253.4416667,0.16666667,10.24583333,17.46666667,106.2666667,,90.66666667,22.05
COLEGIO GAITÁN,2022-06-24,2022,6,24,684.2916667,1.31666667,20.72916667,216.7291667,0.13333333,6.50833333,13.675,103.0583333,,88.11666667,22.47083333
COLEGIO GAITÁN,2022-06-23,2022,6,23,683.1625,1.65,23.99583333,247.2208333,0.05833333,7.95,15.5625,189.5375,2.475,84.45,23.57916667
COLEGIO GAITÁN,2022-06-22,2022,6,22,683.675,1.58333333,24.50416667,234.7875,0,7.77916667,15.60416667,241.275,2.20416667,82.0375,23.8
COLEGIO GAITÁN,2022-06-21,2022,6,21,684.7916667,1.35416667,14.90416667,209.3208333,0.025,8.62916667,19.14166667,153.2708333,2.25,88.06666667,22.4
COLEGIO GAITÁN,2022-06-20,2022,6,20,685.3875,1.08333333,17.2125,212.725,0.74166667,5.54583333,11.4875,122.325,2.30416667,87.00416667,22.025
COLEGIO GAITÁN,2022-06-19,2022,6,19,685.3416667,1.24166667,17.5375,210.975,0.05833333,3.36666667,7.62083333,106.2666667,2.41666667,88.3,21.3875
COLEGIO GAITÁN,2022-06-18,2022,6,18,684.5416667,1.34583333,18.60833333,227.3666667,0,11.0375,18.74583333,124.6375,2.33333333,88.64583333,22.25
COLEGIO GAITÁN,2022-06-17,2022,6,17,684.825,1.25416667,15.62083333,195.4375,0.425,6.62083333,15.6125,69.14583333,2.20416667,93.92083333,21.4375
COLEGIO GAITÁN,2022-06-16,2022,6,16,684.7916667,1.38333333,20.61666667,263.825,0.09166667,8.32916667,15.65,184.9541667,2.33333333,88.025,22.78333333
COLEGIO GAITÁN,2022-06-15,2022,6,15,684.725,1.12916667,13.79583333,236.3875,0.15,8.22083333,16.25833333,113.4208333,2.38333333,91.05416667,21.61666667
COLEGIO GAITÁN,2022-06-14,2022,6,14,684.7083333,1.30416667,10.52083333,214.6458333,0.08333333,6.0875,14.44583333,131.2041667,2.17391304,89.47083333,21.75
COLEGIO GAITÁN,2022-06-13,2022,6,13,684.8166667,1.38333333,11.1,147.55,4.66666667,5.25,11.68333333,0,,96.06666667,20.65
COLEGIO GAITÁN,2022-06-06,2022,6,6,684.62,1.61333333,22.08,211.6266667,0.01333333,3.87333333,10.77333333,275.1133333,1.95333333,80.28666667,22.78666667
COLEGIO GAITÁN,2022-06-05,2022,6,5,684.7125,1.21666667,19.1375,187.8958333,0,9.4375,15.10416667,116.5541667,2.36666667,87.25,22.30833333
COLEGIO GAITÁN,2022-06-04,2022,6,4,685.0875,1.30416667,22.25416667,131.4416667,0.175,6.24583333,13.49166667,107.0333333,2.2,86.76666667,21.99583333
COLEGIO GAITÁN,2022-06-03,2022,6,3,685.5291667,1.475,24.4375,176.5,0.48333333,6.34583333,15.19166667,136.3416667,2.39166667,85.44583333,22.29166667
COLEGIO GAITÁN,2022-06-02,2022,6,2,684.825,1.75416667,26.27083333,199.5958333,0.49166667,6.15,14.7875,195.3375,2.30416667,79.90416667,23.07083333
COLEGIO GAITÁN,2022-06-01,2022,6,1,683.8666667,1.6125,26.35416667,251.6708333,0,5.59166667,14.375,224.7625,2.25416667,78.69166667,23.95833333
COLEGIO GAITÁN,2022-05-31,2022,5,31,684.226087,1.5826087,18.43913043,239.026087,0,5.02608696,13.69565217,159.4478261,,84.45652174,23.42608696
COLEGIO GAITÁN,2022-05-30,2022,5,30,683.5708333,1.4375,25.39047619,213.625,0.00833333,6.74583333,13.20833333,164.95,,83.96666667,23.30416667
COLEGIO GAITÁN,2022-05-29,2022,5,29,683.475,1.41666667,21.35,242.6791667,0.00833333,6.46666667,12.63333333,188.5375,,82.0125,23.25416667
COLEGIO GAITÁN,2022-05-28,2022,5,28,683.8166667,1.16666667,24.37142857,202.9375,0,13.27916667,22.10833333,149.55,,84.45,22.06666667
COLEGIO GAITÁN,2022-05-27,2022,5,27,684.6625,1.275,16.55238095,277.7666667,0,10.20833333,20.69166667,155.4625,,87.9125,23.95833333
COLEGIO GAITÁN,2022-05-26,2022,5,26,685.1458333,1.32916667,12.76956522,259.8166667,0.025,8.8375,20.72916667,153.9666667,2.65,82.77083333,22.9625
COLEGIO GAITÁN,2022-05-25,2022,5,25,684.4166667,1.56666667,28.60416667,239.1208333,0.23333333,10.67916667,23.68333333,139.4333333,2.1125,86.8,21.025
COLEGIO GAITÁN,2022-05-24,2022,5,24,684.0666667,1.49583333,31.94583333,232.8041667,0.025,8.67083333,22.34166667,146.4458333,2.53333333,80.2,23.4875
COLEGIO GAITÁN,2022-05-23,2022,5,23,684.4083333,1.55416667,30.84166667,226.3708333,0,10.97083333,23.625,235.775,2.5625,77.02083333,22.7875
COLEGIO GAITÁN,2022-05-22,2022,5,22,685.6958333,1.46666667,34.07083333,225.6,0,10.61666667,21.41666667,263.4958333,2.54166667,78.4125,21.48333333
COLEGIO GAITÁN,2022-05-21,2022,5,21,686.4958333,1.45,26.74166667,261.8916667,0.275,6.8375,15.55416667,236.2916667,2.32083333,83.33333333,21.67083333
COLEGIO GAITÁN,2022-05-20,2022,5,20,685.9,1.55416667,27.65416667,237.9916667,0,5.34166667,12.91666667,254.9791667,2.37083333,80.49166667,21.87916667
COLEGIO GAITÁN,2022-05-19,2022,5,19,685.4833333,1.17083333,20.71904762,253.5708333,0.00833333,10.59166667,22.3375,145.1458333,2.5,85.55416667,20.92916667
COLEGIO GAITÁN,2022-05-18,2022,5,18,686.3125,1.39583333,14.35416667,114.8333333,0.14166667,7.0625,18.59166667,74.76666667,1.98333333,92.03333333,22.82083333
COLEGIO GAITÁN,2022-05-17,2022,5,17,685.6541667,1.38333333,24.57916667,238.2583333,0.05833333,9.2875,17.45416667,161.2375,2.3375,88.79583333,22
COLEGIO GAITÁN,2022-05-16,2022,5,16,684.4375,1.37083333,23.47916667,253.025,0,6.54583333,14.05416667,198.6541667,2.18823529,83.93333333,23.73333333
COLEGIO GAITÁN,2022-05-15,2022,5,15,683.8875,1.19166667,20.375,259.4125,0.05,6.8375,14.76666667,164.3041667,1.82916667,85.9375,24.8625
COLEGIO GAITÁN,2022-05-14,2022,5,14,683.9125,1.31666667,19.175,205.6708333,0,8.49166667,15.60416667,130.1958333,2.06666667,88.89166667,24.8625
COLEGIO GAITÁN,2022-05-13,2022,5,13,683.4,1.25,28.6875,270.5833333,0,10.025,19.04166667,163.275,2.5875,85.425,24.94583333
COLEGIO GAITÁN,2022-05-12,2022,5,12,683.6083333,1.47083333,20.27916667,237.8625,0.04166667,8.0375,14.94166667,195.075,2.51666667,87.2875,24.69166667
COLEGIO GAITÁN,2022-05-11,2022,5,11,684.1583333,1.90416667,24.3625,231.0333333,0.34166667,5.09583333,12.55833333,190.8916667,2.42083333,87.03333333,24.4875
COLEGIO GAITÁN,2022-05-10,2022,5,10,684.1833333,1.59583333,25.31818182,233.225,0.00833333,5.10416667,13.79583333,167.5333333,2.04444444,84.35416667,24.05833333
COLEGIO GAITÁN,2022-05-09,2022,5,9,683.8,1.5,24.95238095,245.2208333,0,6.40833333,15.12916667,247.4458333,2.43333333,79.7625,23.9875
COLEGIO GAITÁN,2022-05-08,2022,5,8,684.4541667,1.32083333,21.625,230.9,0,6.59583333,15.41666667,177.9125,2.54166667,82.02916667,23.13333333
COLEGIO GAITÁN,2022-05-07,2022,5,7,685.7208333,1.01666667,16.7,239.0125,0.01666667,11.575,19.39166667,106.5958333,2.55,91.64166667,22.17916667
COLEGIO GAITÁN,2022-05-06,2022,5,6,686.0916667,1.20833333,17.96363636,246.3125,0.5,11.25416667,22.58333333,112.4291667,2.34166667,91.975,24.29583333
COLEGIO GAITÁN,2022-05-05,2022,5,5,684.9708333,1.21666667,20.15833333,180.2583333,0.2,11.98333333,26.32916667,95.93333333,2.25833333,83.03333333,23.69583333
COLEGIO GAITÁN,2022-05-04,2022,5,4,683.5125,1.51666667,37.26818182,221.1583333,0,8.0625,20.66666667,241.6791667,3.04583333,76.15833333,22.82916667
COLEGIO GAITÁN,2022-05-03,2022,5,3,683.875,1.45833333,31.34782609,247.0333333,0,6.12083333,16.8375,269.1291667,2.225,76.11666667,24.00416667
COLEGIO GAITÁN,2022-05-02,2022,5,2,684.3136364,1.26818182,22.45,209.6727273,0,4.94166667,14.02916667,136.9954546,1.67826087,82.32727273,23.825
COLEGIO GAITÁN,2022-05-01,2022,5,1,683.7291667,1.45,31.44117647,223.8333333,0,7.9,14.8875,240.7,1.7125,82.46666667,24.02083333
COLEGIO GAITÁN,2022-04-30,2022,4,30,683.3086957,1.43913043,24.88095238,182.4217391,0.28695652,10.53043478,19.37826087,187.0565217,2.22173913,87.4826087,23.42608696
COLEGIO GAITÁN,2022-04-29,2022,4,29,683.5791667,1.4125,32.71666667,186.0166667,0.05833333,9.6125,19.6375,207.9666667,2.27916667,84.80833333,23.25416667
COLEGIO GAITÁN,2022-04-28,2022,4,28,683.7625,1.3375,21.2,158.3375,0.3,9.625,20.44583333,99.5125,2.10833333,91.39583333,22.06666667
COLEGIO GAITÁN,2022-04-27,2022,4,27,683.4875,1.60833333,28.70833333,215.9583333,0,7.8875,16.1625,235.5458333,2.10416667,79.08333333,23.95833333
COLEGIO GAITÁN,2022-04-26,2022,4,26,684.2625,1.54166667,25.0875,230.5291667,0.01666667,6.60416667,13.79166667,230.1916667,2.0875,81.12916667,22.9625
COLEGIO GAITÁN,2022-04-25,2022,4,25,684.4666667,1.2875,22.40416667,212.4583333,0.03333333,5.75,11.66666667,78.32916667,,90.84583333,21.025
COLEGIO GAITÁN,2022-04-24,2022,4,24,683.3416667,1.40833333,27.5125,240.7333333,0,7.0375,12.9375,211.9333333,,82.1375,23.4875
COLEGIO GAITÁN,2022-04-23,2022,4,23,684.3666667,1.475,27.97916667,285.6041667,0,5.15416667,13.67916667,272.4208333,,82.04166667,22.7875
COLEGIO GAITÁN,2022-04-22,2022,4,22,685.4375,1.18333333,23.38333333,181.9666667,1.28333333,3.90416667,8.82083333,193.3833333,,87.95833333,21.48333333
COLEGIO GAITÁN,2022-04-21,2022,4,21,685.5916667,1.23333333,23.53333333,214.1791667,0.36666667,6.25,13.69583333,143.175,,89.47916667,21.67083333
COLEGIO GAITÁN,2022-04-20,2022,4,20,685.6791667,1.2375,19.6,241.6625,0,8.20833333,17.90416667,138.1083333,,88.28333333,21.87916667
COLEGIO GAITÁN,2022-04-19,2022,4,19,685.325,1.16666667,24.2,187.2083333,1,6.58333333,14.12916667,68.0625,,94.75833333,20.92916667
COLEGIO GAITÁN,2022-04-18,2022,4,18,684.2458333,1.3,21.88333333,210.2833333,0.01666667,8.30416667,16.92916667,151.0291667,,87.2875,22.82083333
COLEGIO GAITÁN,2022-04-17,2022,4,17,683.8083333,1.42916667,28.8,220.7333333,0.19166667,8.04166667,13.5375,105.6458333,,87.85,22
COLEGIO GAITÁN,2022-04-16,2022,4,16,683.125,1.43333333,30.1625,232.1291667,0,14.72916667,23.9,115.525,,81.89583333,23.73333333
COLEGIO GAITÁN,2022-04-15,2022,4,15,683.0875,1.5,35.54583333,226.3375,0,17.87083333,26.91666667,205.9666667,2.9,76,24.8625
COLEGIO GAITÁN,2022-04-14,2022,4,14,682.9041667,1.34583333,38.82083333,230.8,0,14.47083333,23.0625,214.1125,2.275,76.925,24.8625
COLEGIO GAITÁN,2022-04-13,2022,4,13,682.7208333,1.54583333,37.77916667,240.0541667,0,15.85833333,30.9875,219.5041667,2.25,75.80416667,24.94583333
COLEGIO GAITÁN,2022-04-12,2022,4,12,682.6958333,1.4875,38.6125,242.7833333,0.00833333,11.7375,21.36666667,233.9291667,2,78.59583333,24.69166667
COLEGIO GAITÁN,2022-04-11,2022,4,11,683.2916667,1.45,30.225,258.8833333,0.00833333,8.46111111,14.94444444,226.6708333,2.16,80.00833333,24.4875
COLEGIO GAITÁN,2022-04-10,2022,4,10,683.45,1.5,30.56666667,208.9333333,0,6.79166667,12.37916667,203.3166667,1.69166667,81.72083333,24.05833333
COLEGIO GAITÁN,2022-04-09,2022,4,9,683.8416667,1.39583333,25.4625,248.925,0.06666667,8.51666667,16.01666667,262.3125,1.6125,83.42083333,23.9875
COLEGIO GAITÁN,2022-04-08,2022,4,8,684.0583333,1.19166667,19.3125,222.5583333,0.00833333,8.25,19.42083333,171.325,1.52083333,86.2375,23.13333333
COLEGIO GAITÁN,2022-04-07,2022,4,7,683.8625,1.20833333,30.24583333,221.1666667,1.57083333,7.45833333,16.21666667,94.0625,1.47916667,89.47083333,22.17916667
COLEGIO GAITÁN,2022-04-06,2022,4,6,683.0708333,1.35416667,36.75714286,237.2791667,0.01666667,11.60833333,21.78333333,201.0541667,1.99230769,81.50416667,24.29583333
COLEGIO GAITÁN,2022-04-05,2022,4,5,683.6708333,1.775,35.21666667,199.1708333,0,9.18333333,17.25416667,210.8083333,,82.375,23.69583333
COLEGIO GAITÁN,2022-04-04,2022,4,4,683.7208333,1.65,37.00416667,223.8541667,0.6875,5.225,10.89166667,209.9791667,1.95555556,84.6875,22.82916667
COLEGIO GAITÁN,2022-04-03,2022,4,3,683.3416667,1.60416667,43.05416667,251.1291667,0.13333333,9.51666667,15.875,249.9541667,,78.74583333,24.00416667
COLEGIO GAITÁN,2022-04-02,2022,4,2,684.15,1.4375,37.125,274.3166667,0,12.56666667,20.16666667,193.6541667,1.88,85.14166667,24.06666667
COLEGIO GAITÁN,2022-04-01,2022,4,1,684.1347826,1.6,28.04583333,227.9043478,0.46956522,10.0625,16.89583333,198.6478261,2.12083333,87.11304348,23.06956522
COLEGIO GAITÁN,2022-03-31,2022,3,31,683.0521739,1.42173913,7.12608696,234.5304348,0.00869565,10.83913043,21.89565217,203.1783478,,79.52173913,23.83043478
COLEGIO GAITÁN,2022-03-30,2022,3,30,683.6333333,1.45416667,29.05,260.5958333,0,8.86666667,17.14583333,206.7,,81.89583333,23.12083333
COLEGIO GAITÁN,2022-03-29,2022,3,29,684.1083333,1.55833333,33.65714286,241.6125,0.01666667,15.1,23.50833333,235.1525833,,82.27083333,23.92916667
COLEGIO GAITÁN,2022-03-28,2022,3,28,684.275,1.29166667,39.66666667,259.7791667,0,13.92916667,23.5375,168.333875,,83.20833333,23.47083333
COLEGIO GAITÁN,2022-03-27,2022,3,27,683.9083333,1.24166667,36.54166667,193.4041667,0,17.12916667,24.49166667,118.9945833,,84.59166667,23.10833333
COLEGIO GAITÁN,2022-03-26,2022,3,26,683.3875,1.43333333,48.9625,237.9166667,1.12083333,20.41666667,28.07916667,148.1064167,,88.44166667,22.5375
COLEGIO GAITÁN,2022-03-25,2022,3,25,683.2666667,1.57083333,57.62916667,251.3833333,0.88333333,24.93333333,33.44583333,238.8074167,,79.15,24.27083333
COLEGIO GAITÁN,2022-03-24,2022,3,24,683.1208333,1.45833333,50.02916667,245.5791667,0.26666667,20.45,29.34583333,218.8839583,,83.06666667,24.14583333
COLEGIO GAITÁN,2022-03-23,2022,3,23,683.1208333,1.56666667,48.43,246.2458333,0.00833333,28.2125,39.875,261.1826667,,75.55,25.05416667
COLEGIO GAITÁN,2022-03-22,2022,3,22,682.8958333,1.4625,,253.7875,0,22.8125,32.68333333,226.8702917,,80.2125,24.59583333
COLEGIO GAITÁN,2022-03-21,2022,3,21,683.0583333,1.34166667,,243.4125,0.01666667,21.25833333,28.875,199.73425,,80.62916667,23.89583333
COLEGIO GAITÁN,2022-03-20,2022,3,20,683.675,1.52916667,,203.325,0.00833333,27.15,34.85416667,211.8376667,,76.3625,24.30833333
COLEGIO GAITÁN,2022-03-19,2022,3,19,683.5916667,1.4625,,216.0708333,0,28.56666667,39.82916667,235.095,,76.225,24.575
COLEGIO GAITÁN,2022-03-18,2022,3,18,683.8291667,1.37916667,,211.7416667,0,28.15833333,41.82916667,188.0265833,,78.74583333,23.9125
COLEGIO GAITÁN,2022-03-17,2022,3,17,684.0541667,1.48333333,,216.1458333,0.00833333,22.56666667,35.04583333,221.068375,,82.93333333,23.40833333
COLEGIO GAITÁN,2022-03-16,2022,3,16,684.0625,1.55,,232.6625,0.42083333,13.9875,24.50416667,201.3195,,81.55416667,23.75416667
COLEGIO GAITÁN,2022-03-15,2022,3,15,684.3791667,1.57083333,,174.2458333,0.00833333,8.11666667,17.025,213.7754167,,82.6125,22.87916667
COLEGIO GAITÁN,2022-03-14,2022,3,14,684.5,1.69583333,,246.6583333,0.2,10.24166667,18.3625,162.6402083,,83.3125,22.7875
COLEGIO GAITÁN,2022-03-13,2022,3,13,685.2583333,1.53333333,,227.3,0,11.35,19.4375,161.8354583,,79.83333333,22.69583333
COLEGIO GAITÁN,2022-03-12,2022,3,12,684.3708333,1.49166667,,208.3916667,0,16.8875,26.725,208.189625,,78.06666667,23.70833333
COLEGIO GAITÁN,2022-03-11,2022,3,11,684.5916667,1.48333333,,222.6916667,0,18.0375,30.08333333,269.4279167,,76.63333333,23.6625
COLEGIO GAITÁN,2022-03-10,2022,3,10,684.6333333,1.4625,,211.4458333,0,17.9375,32.67083333,145.982,,79.69583333,22.65833333
COLEGIO GAITÁN,2022-03-09,2022,3,9,683.8958333,1.37916667,,250.4375,0,13.17083333,24.61666667,238.5464167,,78.09583333,23.32083333
COLEGIO GAITÁN,2022-03-08,2022,3,8,683.8291667,1.42916667,,202.5875,0,8.22916667,18.65416667,216.1558333,,79.86666667,23.1625
COLEGIO GAITÁN,2022-03-07,2022,3,7,684.25,1.32916667,,204.725,0.10833333,5.43333333,13.7375,171.5894583,,85.5375,22.375
COLEGIO GAITÁN,2022-03-06,2022,3,6,684.3583333,1.325,,152.7333333,0.06666667,7.95,14.52916667,121.9170833,,86.11666667,22.1375
COLEGIO GAITÁN,2022-03-05,2022,3,5,684.1416667,1.52083333,,207.9125,0,10.94166667,21.12083333,209.9650833,,83.60416667,23.12083333
COLEGIO GAITÁN,2022-03-04,2022,3,4,684.4125,1.36666667,,258.275,0,9.7,23.45,159.861125,,85.92916667,22.6625
COLEGIO GAITÁN,2022-03-03,2022,3,3,684.3333333,1.50833333,,235.4708333,0.1125,8.81666667,20.99583333,166.48075,,86.9625,22.7375
COLEGIO GAITÁN,2022-03-02,2022,3,2,684.4041667,1.325,,162.6958333,0.35,8.53333333,20.50416667,106.1911667,,91.07916667,22.16666667
COLEGIO GAITÁN,2022-03-01,2022,3,1,684.0416667,1.55416667,,221.7333333,0.14166667,9.3,18.41666667,236.1887083,,84.18333333,23.15
COLEGIO GAITÁN,2022-02-28,2022,2,28,684.5391304,1.47391304,,208.8913044,0.74782609,25.4826087,39.41304348,111.6043478,,91.03478261,21.48695652
COLEGIO GAITÁN,2022-02-27,2022,2,27,684.5583333,1.025,,213.0791667,0.31666667,25.7375,37.29166667,88.88333333,,90.875,21.77083333
COLEGIO GAITÁN,2022-02-26,2022,2,26,684.6416667,1.5625,,288.5791667,0.27916667,19.35,31.7125,237.7541667,,73.975,24.26666667
COLEGIO GAITÁN,2022-02-25,2022,2,25,684.0958333,1.55833333,,218.9541667,0,17.475,32.9125,267.6833333,,70.825,24.775
COLEGIO GAITÁN,2022-02-24,2022,2,24,683.8166667,1.4375,,281.9833333,0,13.18333333,23.49583333,242.0708333,,70.675,24.61666667
COLEGIO GAITÁN,2022-02-23,2022,2,23,684.0166667,1.54166667,,253.625,0,13.875,23.2875,256.2583333,,73.08333333,24.2625
COLEGIO GAITÁN,2022-02-22,2022,2,22,684.1291667,1.52916667,,255.3666667,0,16.9375,27.04583333,257.2125,,73.0625,23.68333333
COLEGIO GAITÁN,2022-02-21,2022,2,21,684.1875,1.44166667,,253.1333333,0,22.39166667,35.07916667,279.4458333,,76.5,23.55
COLEGIO GAITÁN,2022-02-20,2022,2,20,684.2833333,1.49583333,,277.55,0.00833333,18.72916667,30.21666667,241.8,,82.32083333,22.85416667
COLEGIO GAITÁN,2022-02-19,2022,2,19,684.0083333,1.45,,262.7333333,0.35,14.07916667,23.6625,214.7625,,84.29583333,22.5
COLEGIO GAITÁN,2022-02-18,2022,2,18,683.5666667,1.58333333,,243.0583333,0.00833333,14.34583333,25.02083333,234.0708333,2.98,76.91666667,24.11666667
COLEGIO GAITÁN,2022-02-17,2022,2,17,683.8791667,1.45,,234.3375,0,12.17916667,20.025,261.6958333,2.3,78.09166667,24.60416667
COLEGIO GAITÁN,2022-02-16,2022,2,16,684.1583333,1.37916667,,228.2208333,0,15.10416667,22.975,262.9833333,2.05416667,73.68333333,24.425
COLEGIO GAITÁN,2022-02-15,2022,2,15,684.5916667,1.35833333,,253.6291667,0,14.65,26.86666667,190.5541667,2.45416667,81.63333333,23.17916667
COLEGIO GAITÁN,2022-02-14,2022,2,14,684.6041667,1.275,,253.9833333,2.01666667,12.65416667,25.73333333,153.425,2.52083333,83.13333333,22.3
COLEGIO GAITÁN,2022-02-13,2022,2,13,685.0166667,1.375,,238.7916667,0.00833333,10.60833333,24.5125,194.2333333,2.01666667,81.48333333,22.89583333
COLEGIO GAITÁN,2022-02-12,2022,2,12,684.6041667,1.35416667,,245.1833333,0,10.95416667,19.80416667,209.1625,2.35416667,80.37916667,22.75
COLEGIO GAITÁN,2022-02-11,2022,2,11,685.0291667,1.31666667,,235.6791667,0,12.74583333,20.91666667,136.0875,1.3625,84.3625,21.8375
COLEGIO GAITÁN,2022-02-10,2022,2,10,684.6,1.3,,259.3875,0.03333333,9.63333333,14.33333333,190.95,0,79.34166667,22.78333333
COLEGIO GAITÁN,2022-02-09,2022,2,9,685.0166667,1.40416667,,232.1291667,0,10.6875,16.0375,206.6041667,0.94583333,79.6875,22.90833333
COLEGIO GAITÁN,2022-02-08,2022,2,8,684.5916667,1.37916667,,188.8666667,0.47083333,17.7,25.95416667,198.4166667,2.55416667,79.76666667,22.67083333
COLEGIO GAITÁN,2022-02-07,2022,2,7,685.0416667,1.21666667,,264.5375,3.70833333,19.7375,29.89583333,159.9375,2.0625,78.84583333,22.52083333
COLEGIO GAITÁN,2022-02-06,2022,2,6,684.5875,1.325,,245.6958333,0.05833333,19.17916667,31.83333333,238.1041667,1.95416667,75.28333333,23.10416667
COLEGIO GAITÁN,2022-02-05,2022,2,5,685.0416667,1.39166667,,220.9625,0.05,17.6,28.85416667,256.4541667,2.38333333,75.125,22.9875
COLEGIO GAITÁN,2022-02-04,2022,2,4,684.5875,1.40833333,,215.3166667,0.075,12.8125,22.89583333,181.1583333,2.25,73.53333333,22.8625
COLEGIO GAITÁN,2022-02-03,2022,2,3,685.0416667,1.35416667,,234.9458333,0,10.36666667,18.01666667,237.0125,2.34583333,73.2,23.40416667
COLEGIO GAITÁN,2022-02-02,2022,2,2,684.5875,1.3375,,229.6791667,0,10.13333333,17.94166667,258.45,2.9625,76.57916667,23.50416667
COLEGIO GAITÁN,2022-02-01,2022,2,1,685.0416667,1.43333333,,221.25,0,12.95,20.225,245.8208333,1.7,75.175,23.63333333
COLEGIO GAITÁN,2022-01-31,2022,1,31,684.625,1.48333333,,242.6083333,0,13.24166667,21.34583333,172.3916667,1.7375,74.3875,22.60416667
COLEGIO GAITÁN,2022-01-30,2022,1,30,685.1125,1.59166667,,172.2708333,0,13.93333333,24.05833333,220.4708333,1.1125,73.37083333,22.62916667
COLEGIO GAITÁN,2022-01-29,2022,1,29,685.025,1.39583333,,240.3875,1.4,13.19583333,25.48333333,196.55,2.10833333,83.775,22.54583333
COLEGIO GAITÁN,2022-01-28,2022,1,28,684.4041667,1.7125,,195.8791667,0.10416667,13.24166667,24.65416667,264.5,1.35,67.99583333,23.99166667
COLEGIO GAITÁN,2022-01-27,2022,1,27,684.3791667,1.52916667,,196.1875,0,14.08333333,25.80416667,226.0333333,1.74583333,73.00416667,23.87916667
COLEGIO GAITÁN,2022-01-26,2022,1,26,684.025,1.52916667,,213.2541667,0,13.32083333,23.75416667,192.375,1.85,79.3,23.72083333
COLEGIO GAITÁN,2022-01-25,2022,1,25,683.5833333,1.45833333,,252.0416667,0,13.05833333,22.7,215.5041667,2.06666667,78.95,24.3
COLEGIO GAITÁN,2022-01-24,2022,1,24,682.8916667,1.55416667,,223.8291667,0,14.67916667,24.42083333,209.8541667,1.8625,77.25,24.58333333
COLEGIO GAITÁN,2022-01-23,2022,1,23,683.2208333,1.45833333,,251.8916667,0,15.2625,28.05416667,202.4583333,1.99166667,76.425,24.0625
COLEGIO GAITÁN,2022-01-22,2022,1,22,683.8583333,1.47916667,,216.7791667,0,15.54166667,27.825,216.7208333,1.7,74.14583333,24.44166667
COLEGIO GAITÁN,2022-01-21,2022,1,21,683.5583333,1.45833333,,255.3458333,0.00833333,15.94166667,25.54166667,241.8708333,2.49583333,72.925,24.9875
COLEGIO GAITÁN,2022-01-20,2022,1,20,683.2625,1.27916667,,267.0791667,0,12.72916667,20.46666667,260.325,2.6125,72.12916667,24.94583333
COLEGIO GAITÁN,2022-01-19,2022,1,19,683.95,1.425,,264.5375,0,13.425,22.6,239.2333333,2.625,79.57916667,23.89166667
COLEGIO GAITÁN,2022-01-18,2022,1,18,684.4708333,1.49583333,,263.1541667,0,12.7125,20.35,174.2625,1.7625,83.4125,23.2125
COLEGIO GAITÁN,2022-01-17,2022,1,17,684.7833333,1.37916667,,229.1416667,0,10.99166667,18.27916667,197.2583333,1.9375,79.17916667,23.47916667
COLEGIO GAITÁN,2022-01-16,2022,1,16,685.05,1.44166667,,216.9625,0,7.82083333,14.2125,240.475,2.25833333,82.11666667,23.3125
COLEGIO GAITÁN,2022-01-15,2022,1,15,685.5541667,1.35416667,,234.2708333,0.025,9.3625,18.125,236.3625,1.82916667,81.92083333,22.82916667
COLEGIO GAITÁN,2022-01-14,2022,1,14,685.8958333,1.25416667,,282.5458333,0.7875,11.875,20.975,137.5291667,1.60833333,87.20416667,21.25833333
COLEGIO GAITÁN,2022-01-13,2022,1,13,685.5958333,1.4125,,269.4875,0.01666667,13.21666667,23.06666667,175.8333333,1.74166667,80.44166667,22.59583333
COLEGIO GAITÁN,2022-01-12,2022,1,12,685.0583333,1.47083333,,230.9833333,0,13.08333333,21.32916667,217.0416667,1.7875,79.525,22.74166667
COLEGIO GAITÁN,2022-01-11,2022,1,11,685.2083333,1.4375,,133.2166667,0,15.27083333,23.36666667,143.0458333,1.65,81.43333333,22.5375
COLEGIO GAITÁN,2022-01-10,2022,1,10,684.7416667,1.325,,277.575,0,17.925,28.32916667,217.4958333,1.73333333,78.09166667,23.06666667
COLEGIO GAITÁN,2022-01-09,2022,1,9,685.326087,1.44782609,,241.6782609,0.0173913,18.72173913,30.97826087,224.7130435,2.76086957,80.17391304,23.20434783
COLEGIO GAITÁN,2022-01-08,2022,1,8,685.7458333,1.39583333,,203.9,0,16.72916667,30.27083333,236.5416667,2.175,78.22916667,22.8875
COLEGIO GAITÁN,2022-01-07,2022,1,7,684.7916667,1.20416667,,248.3166667,0,13.29583333,23.78333333,102.4083333,2.36666667,79.76666667,22.05416667
COLEGIO GAITÁN,2022-01-06,2022,1,6,683.375,1.35833333,,253.3375,0,14.00833333,24.38333333,260.8916667,1.85416667,70.55416667,23.1625
COLEGIO GAITÁN,2022-01-05,2022,1,5,683.0541667,1.47916667,,218.8375,0,10.66666667,19.00416667,276.5458333,1.9125,71.98333333,23.2
COLEGIO GAITÁN,2022-01-04,2022,1,4,684.0333333,1.69166667,,196.2416667,0,11.7875,20.85416667,259.9208333,1.92916667,67.4875,23.7625
COLEGIO GAITÁN,2022-01-03,2022,1,3,685.0083333,1.47916667,,242.55,0,10.84166667,18.42083333,213.175,1.69166667,75.85416667,23.75
COLEGIO GAITÁN,2022-01-02,2022,1,2,684.4291667,1.30833333,,251.35,0,25.65833333,35.35416667,240.3791667,1.95,81.1,23.92916667
COLEGIO GAITÁN,2022-01-01,2022,1,1,683.7,1.27916667,,246.9291667,0,13.225,22.32083333,231.625,1.73333333,82.79583333,23.67916667
COLEGIO GAITÁN,2021-12-31,2021,12,31,683.4958333,1.3875,,232.8291667,0,6.28333333,13.55833333,242.6333333,2.22083333,80.15,23.48333333
COLEGIO GAITÁN,2021-12-30,2021,12,30,684.3958333,1.36666667,,216.8416667,0,7.77083333,15.03333333,236.4916667,1.825,81.05833333,23.12916667
COLEGIO GAITÁN,2021-12-29,2021,12,29,684.4541667,1.675,,245.6916667,0.4875,9.8875,19.51666667,225.6291667,1.60833333,83.37083333,23.23333333
COLEGIO GAITÁN,2021-12-28,2021,12,28,683.8875,1.32083333,,261.225,0,8.49166667,18.65,197.0458333,2.24583333,84.8875,23.52083333
COLEGIO GAITÁN,2021-12-27,2021,12,27,684.2083333,1.41666667,,206.8833333,0.175,8.64583333,14.92916667,156.1333333,2.4,86.625,22.90416667
COLEGIO GAITÁN,2021-12-26,2021,12,26,684.3,1.5125,,217.9,0,13.75416667,20.775,240.725,1.425,78.7375,24.2125
COLEGIO GAITÁN,2021-12-25,2021,12,25,684.0958333,1.4,,176.5666667,0,12.89583333,19.725,202.6,1.8875,83.275,23.9125
COLEGIO GAITÁN,2021-12-24,2021,12,24,684.8958333,1.37916667,,237.025,0,10.30833333,16.98333333,207.0958333,2.05833333,86.56666667,23.15833333
COLEGIO GAITÁN,2021-12-23,2021,12,23,685.4125,1.13333333,,218.0833333,0.9875,9.875,15.7625,74.19583333,1.9,94.22916667,21.375
COLEGIO GAITÁN,2021-12-22,2021,12,22,685.1458333,1.35416667,,290.3958333,1.175,10.98333333,17.9375,121.2541667,2.20833333,90.825,21.85416667
COLEGIO GAITÁN,2021-12-21,2021,12,21,683.7833333,1.23333333,,209.7291667,1.30416667,13.3625,23.42916667,126.525,1.97916667,87.52083333,22.39166667
COLEGIO GAITÁN,2021-12-20,2021,12,20,683.4125,1.41666667,,207.8916667,0.03333333,8.26666667,14.92083333,201.1875,2.15833333,84.2125,23.3875
COLEGIO GAITÁN,2021-12-19,2021,12,19,683.6875,1.53333333,,218.1791667,0.37083333,10.175,18.97083333,199.2625,1.875,81.425,23.9625
COLEGIO GAITÁN,2021-12-18,2021,12,18,683.7583333,1.3625,,215.0541667,0.0125,9.50416667,17.5125,133.3416667,2.225,86.52916667,23.10833333
COLEGIO GAITÁN,2021-12-17,2021,12,17,683.1125,1.47916667,,207.25,0.25,9,17.88333333,183.5666667,2.34166667,81.98333333,24.0375
COLEGIO GAITÁN,2021-12-16,2021,12,16,682.7708333,1.5,,221.1291667,0,14.3375,25.025,197.5375,2.06666667,79.16666667,23.98333333
COLEGIO GAITÁN,2021-12-15,2021,12,15,683.6375,1.34583333,,192.8958333,0,11.30416667,21.92916667,213.3208333,2.38333333,77.725,23.75
COLEGIO GAITÁN,2021-12-14,2021,12,14,684.3166667,1.30416667,,221.75,0,10.275,19.61666667,196.5666667,2.08333333,78.0875,23.0125
COLEGIO GAITÁN,2021-12-13,2021,12,13,684.4583333,1.5375,,218.3416667,0.8625,7.34583333,13.90416667,213.525,1.86666667,81.66666667,22.39583333
COLEGIO GAITÁN,2021-12-12,2021,12,12,684.2541667,1.55,,233.8416667,0,10.95,19.69166667,239.0916667,1.775,77.2375,23.675
COLEGIO GAITÁN,2021-12-11,2021,12,11,683.0458333,1.58333333,,205.7791667,0,11.5125,22.68333333,233.8375,2.25,74.25833333,23.96666667
COLEGIO GAITÁN,2021-12-10,2021,12,10,682.8125,1.5375,,171.5,0,11.76666667,23.75416667,226.2375,1.85416667,76.08333333,24.3125
COLEGIO GAITÁN,2021-12-09,2021,12,9,683.6416667,1.45,,254.4,0,12.69583333,24.74166667,240.4166667,2.4,77.38333333,24.25416667
COLEGIO GAITÁN,2021-12-08,2021,12,8,683.8041667,1.31666667,,247.8791667,0,18.075,30.1625,230.2375,2.72916667,75.32916667,24.31666667
COLEGIO GAITÁN,2021-12-07,2021,12,7,683.525,1.41666667,,196.4416667,0,12.25416667,22.87083333,257.6333333,2.34166667,75.7875,24.40416667
COLEGIO GAITÁN,2021-12-06,2021,12,6,684.2375,1.3375,,251.6208333,0,10.90416667,19.52916667,219.6666667,2.05416667,79.1125,24.325
COLEGIO GAITÁN,2021-12-05,2021,12,5,683.8708333,1.3875,,243.7916667,0,11.5875,19.19166667,227.4708333,2.18333333,80.31666667,24.0375
COLEGIO GAITÁN,2021-12-04,2021,12,4,683.4583333,1.3,,263.5333333,0,10.525,21.02083333,219.6125,2.12083333,78.45833333,23.88333333
COLEGIO GAITÁN,2021-12-03,2021,12,3,683.0208333,1.37916667,,229.8166667,0,8.29583333,16.2,245.6291667,2.27916667,77.62916667,23.93333333
COLEGIO GAITÁN,2021-12-02,2021,12,2,684.075,1.45833333,,222.0833333,0,8.41666667,17.80833333,205.7958333,2.35833333,80.53333333,22.84166667
COLEGIO GAITÁN,2021-12-01,2021,12,1,684.9708333,1.675,,198.1541667,0.24583333,5.36666667,11.70416667,273.6208333,1.76666667,80.95,23.04583333
