Station,Date,Year,Month,Day,P,VWind,O3,DWind,PLiquid,PM2.5,PM10,RGlobal,SO2 TR,HAir10,TAir10
HOSPITAL DEL NORTE,2023-09-17,2023,9,17,694.5588182,1.96545455,30.21818182,174.7765909,0,10.85909091,19.78636364,186.6046818,3.53636364,74.60095455,25.47113636
HOSPITAL DEL NORTE,2023-09-16,2023,9,16,694.4154167,2.19179167,34.12083333,210.6082083,0,10.15416667,18.07916667,194.9333333,3.46666667,74.959375,25.74770833
HOSPITAL DEL NORTE,2023-09-15,2023,9,15,694.413375,1.6655,31.57272727,201.4030417,0.00833333,10.22083333,19.82173913,138.8392083,4.03333333,79.90620833,25.28104167
HOSPITAL DEL NORTE,2023-09-14,2023,9,14,694.3757917,1.659875,24.31666667,199.8557917,0.216625,9.8375,19.5125,152.0194583,5.44545455,82.34133333,24.53579167
HOSPITAL DEL NORTE,2023-09-13,2023,9,13,696.2102222,1.65591667,28.5125,214.691875,0.00833333,8.88333333,18.20416667,180.8470833,3.35,75.68608333,25.5015
HOSPITAL DEL NORTE,2023-09-12,2023,9,12,698.789,1.66133333,24.40416667,221.1425833,0,8.9375,17.9125,0,3.94583333,75.44854167,24.97008333
HOSPITAL DEL NORTE,2023-09-11,2023,9,11,696.624625,1.87658333,22.84583333,217.227375,0.52495833,7.35416667,15.09166667,,2.05,76.90229167,24.57175
HOSPITAL DEL NORTE,2023-09-10,2023,9,10,695.3431304,1.5146087,22.76956522,188.0145652,0.29565217,7.24782609,13.05652174,,3.51304348,85.10834783,23.90704348
HOSPITAL DEL NORTE,2023-09-09,2023,9,9,693.9745,2.206125,27.9625,131.7975833,0.275,11.72916667,22.74583333,,3.46666667,74.78129167,25.14445833
HOSPITAL DEL NORTE,2023-09-08,2023,9,8,693.9933333,2.154875,33.42083333,178.8272917,0,11.69166667,23.9625,,4.03333333,68.22116667,25.54154167
HOSPITAL DEL NORTE,2023-09-07,2023,9,7,693.9723333,2.10054167,37.675,208.6815,0.03333333,12.16666667,23.77916667,,5.44545455,71.105875,26.264375
HOSPITAL DEL NORTE,2023-09-06,2023,9,6,694.4102083,2.24920833,42.65,221.9405,0,9.89583333,19.09583333,,3.35,67.43270833,27.01333333
HOSPITAL DEL NORTE,2023-09-05,2023,9,5,695.0141667,2.13483333,29.9875,233.575625,0,11.9875,24.93333333,,3.94583333,76.35491667,25.74183333
HOSPITAL DEL NORTE,2023-09-04,2023,9,4,695.285125,1.88583333,27.64166667,224.91075,0,12.6625,22.55416667,,2.05,78.43195833,24.79329167
HOSPITAL DEL NORTE,2023-09-03,2023,9,3,694.877087,2.14047826,35.50434783,135.657913,0,10.83043478,18.23913043,,3.61304348,73.50421739,25.17804348
HOSPITAL DEL NORTE,2023-09-02,2023,9,2,694.3944167,2.16741667,37.68333333,217.91025,0,14.47916667,26.0875,,3.25,72.79020833,25.604
HOSPITAL DEL NORTE,2023-09-01,2023,9,1,694.4405,1.91308333,38.69583333,214.749875,0,14.91666667,27.01666667,,2.4875,68.42416667,26.865375
HOSPITAL DEL NORTE,2023-08-31,2023,8,31,694.1296667,1.80791667,34.84166667,194.7888333,0,14.7625,28.325,,2.6625,65.75333333,26.838875
HOSPITAL DEL NORTE,2023-08-30,2023,8,30,694.467125,2.203,36.64166667,178.9181667,0,12.575,23.69166667,,1.75416667,69.37766667,26.571125
HOSPITAL DEL NORTE,2023-08-29,2023,8,29,695.7077917,2.05579167,43.67083333,206.8360417,0,12.7125,24.82916667,,0.98333333,71.39208333,25.78333333
HOSPITAL DEL NORTE,2023-08-28,2023,8,28,695.1747917,2.27595833,40.14166667,227.5119583,0,10.9375,20.5375,,4.51,68.45329167,25.98383333
HOSPITAL DEL NORTE,2023-08-27,2023,8,27,694.2711739,2.46121739,38.90434783,206.486,0,9.75652174,17.73043478,,4.04782609,64.90769565,26.29091304
HOSPITAL DEL NORTE,2023-08-26,2023,8,26,694.3900417,2.30716667,30.20833333,185.5595,0,9.40833333,18.375,,1.68333333,68.736125,25.80979167
HOSPITAL DEL NORTE,2023-08-25,2023,8,25,695.3175,1.80225,19.74166667,199.450625,0.10833333,8.625,20.19166667,,3.2375,78.66870833,24.68170833
HOSPITAL DEL NORTE,2023-08-24,2023,8,24,695.2985,1.95891667,22.05,185.0093333,0.01666667,7.40416667,16.33333333,,3.715,79.12479167,24.92695833
HOSPITAL DEL NORTE,2023-08-23,2023,8,23,694.3784167,2.00966667,24.09583333,198.0405833,0.05833333,5.14166667,15.2875,,2.72916667,79.06566667,24.2735
HOSPITAL DEL NORTE,2023-08-22,2023,8,22,693.5854167,1.64979167,21.5375,189.4894167,3.166625,6.05833333,17.55416667,,2.125,88.511625,22.82879167
HOSPITAL DEL NORTE,2023-08-21,2023,8,21,692.7074583,2.10229167,26.39583333,167.7295833,0.43329167,6.48333333,13.73333333,,2.9,80.64533333,24.89720833
HOSPITAL DEL NORTE,2023-08-20,2023,8,20,692.9131739,1.80243478,25.51304348,210.703,0.1826087,8.9,15.9826087,,3.75217391,83.25982609,25.48926087
HOSPITAL DEL NORTE,2023-08-19,2023,8,19,693.092,2.26808333,29.17083333,176.4402917,0,12.35,22.47083333,,4.57083333,74.94408333,25.73625
HOSPITAL DEL NORTE,2023-08-18,2023,8,18,694.09875,1.947375,22.14166667,213.775375,0,6.29583333,15.15833333,,1.33333333,76.224875,25.51279167
HOSPITAL DEL NORTE,2023-08-17,2023,8,17,694.4711667,1.98604167,25.30416667,166.3287917,0.01666667,9.33333333,20.9875,,2.93333333,76.53791667,24.75925
HOSPITAL DEL NORTE,2023-08-16,2023,8,16,694.642,1.90625,20.6125,147.217125,0.06666667,9.08333333,20.77916667,,3.87916667,82.51741667,25.74008333
HOSPITAL DEL NORTE,2023-08-15,2023,8,15,694.429625,1.84895833,21,183.431,0,13.55416667,24.8625,,3.875,77.91695833,26.38470833
HOSPITAL DEL NORTE,2023-08-14,2023,8,14,694.57375,1.70716667,27.175,192.9794583,0,13.51666667,23.5,,2.5875,76.19358333,24.87420833
HOSPITAL DEL NORTE,2023-08-13,2023,8,13,694.263913,1.78713043,26.9173913,245.4185652,0.04347826,9.88695652,18.41304348,,2.65217391,73.73673913,25.46217391
HOSPITAL DEL NORTE,2023-08-12,2023,8,12,694.5408333,2.10708333,32.38333333,198.1368333,0,8.32083333,15.8875,,2.075,72.428875,25.73625
HOSPITAL DEL NORTE,2023-08-11,2023,8,11,694.7390417,1.98025,29.39166667,229.9766667,0,9.42916667,19.31666667,,1.975,75.60633333,25.51279167
HOSPITAL DEL NORTE,2023-08-10,2023,8,10,695.4246667,1.65591667,14.62631579,197.6277917,0.01666667,10.62083333,22.89166667,,2.79047619,76.06745833,24.75925
HOSPITAL DEL NORTE,2023-08-09,2023,8,9,695.722,2.03741667,19.31666667,153.1393333,0.025,10.98333333,22.15416667,,2.34166667,73.852375,25.74008333
HOSPITAL DEL NORTE,2023-08-08,2023,8,8,695.9732917,2.0435,20.07083333,233.3424583,0.00833333,10.91666667,20.47916667,,1.9125,76.71845833,26.38470833
HOSPITAL DEL NORTE,2023-08-07,2023,8,7,696.1470833,1.342625,21.20833333,177.9392083,0.05833333,8.60416667,15.66666667,,3.23333333,80.826875,24.87420833
HOSPITAL DEL NORTE,2023-08-06,2023,8,6,694.808087,1.80834783,25.8173913,233.8565652,0.05217391,12.49130435,21.36521739,,3.03913043,72.74904348,26.53156522
HOSPITAL DEL NORTE,2023-08-05,2023,8,5,694.7207917,1.8755,25.81666667,246.8025417,0.00833333,14.70416667,26.8,,3.7875,71.18325,26.60225
HOSPITAL DEL NORTE,2023-08-04,2023,8,4,695.1466667,1.52383333,23.5,165.2492083,0.09995833,13.24583333,27,,2.5,74.95629167,25.75104167
HOSPITAL DEL NORTE,2023-08-03,2023,8,3,695.9035,1.96720833,29.77916667,240.0550833,0,10.10416667,18.72916667,,1.65,77.235125,25.23925
HOSPITAL DEL NORTE,2023-08-02,2023,8,2,696.4425,1.93979167,22.84583333,226.5357083,0,13,23.85416667,,3.37916667,75.664125,25.702625
HOSPITAL DEL NORTE,2023-08-01,2023,8,1,696.48525,1.755625,15.05833333,186.19725,0.01666667,8.85,18.775,,3.16666667,77.32745833,25.20179167
HOSPITAL DEL NORTE,2023-07-31,2023,7,31,695.864375,1.79833333,14.125,159.82675,0.09995833,5.5375,14.59583333,,1.175,83.28341667,24.092625
HOSPITAL DEL NORTE,2023-07-30,2023,7,30,694.8972609,2.17821739,25.82608696,203.5645652,0,8.12608696,14.96956522,,2.60434783,73.31582609,26.607
HOSPITAL DEL NORTE,2023-07-29,2023,7,29,695.0200417,1.72820833,20.7125,223.0275833,0,10.95,22.06666667,,2.9625,76.11233333,26.20725
HOSPITAL DEL NORTE,2023-07-28,2023,7,28,695.4142083,1.54604167,14.71666667,206.6997083,0.13333333,9.39166667,19.62083333,,4.19166667,79.30120833,24.72304167
HOSPITAL DEL NORTE,2023-07-27,2023,7,27,695.0070417,1.745375,17.92083333,163.2175833,0.49166667,6.05833333,14.52916667,,4.005,79.00758333,24.862625
HOSPITAL DEL NORTE,2023-07-26,2023,7,26,694.9133333,2.02941667,19.8,156.1795417,0.03333333,8.525,16.76666667,,3.86666667,81.98508333,24.92295833
HOSPITAL DEL NORTE,2023-07-25,2023,7,25,694.9601667,1.977625,19.55,208.3724583,0.15,13.24583333,22.97083333,,2.92916667,77.604125,25.79479167
HOSPITAL DEL NORTE,2023-07-24,2023,7,24,695.4765417,2.01779167,24.45416667,225.8499167,0.09166667,10.25833333,20.84583333,,3.68333333,73.88920833,26.473125
HOSPITAL DEL NORTE,2023-07-23,2023,7,23,695.6573044,1.7236087,23.94782609,234.3881739,0.1826087,8.74782609,18.20869565,,2.16521739,73.65347826,26.255
HOSPITAL DEL NORTE,2023-07-22,2023,7,22,694.8452083,1.71216667,17.175,216.79925,0,8.6375,20.10416667,,1.92916667,77.49579167,25.400125
HOSPITAL DEL NORTE,2023-07-21,2023,7,21,694.1207083,1.8265,20.95,217.3748333,0.03333333,12.08333333,27.09583333,,4.33333333,74.33470833,26.34
HOSPITAL DEL NORTE,2023-07-20,2023,7,20,694.4818333,1.74745833,24.59166667,224.821625,0,12.41666667,25.22083333,,0.72916667,72.84083333,26.89766667
HOSPITAL DEL NORTE,2023-07-19,2023,7,19,695.6177083,1.44820833,20.3875,266.6629167,0,12.72916667,30.2125,,2.375,76.21458333,25.74525
HOSPITAL DEL NORTE,2023-07-18,2023,7,18,695.7894167,1.77833333,14.85833333,199.9079167,0.00833333,10.95416667,22.40416667,,3.35833333,80.15283333,25.23195833
HOSPITAL DEL NORTE,2023-07-17,2023,7,17,694.7737083,1.90666667,14.48333333,232.6736667,0.00833333,12.1625,26.42916667,,3.44166667,79.965,25.20091667
HOSPITAL DEL NORTE,2023-07-16,2023,7,16,694.2518261,1.72321739,15.27826087,230.6778261,0,12.79565217,24.93478261,,2.00869565,81.65726087,24.99465217
HOSPITAL DEL NORTE,2023-07-15,2023,7,15,694.1314167,1.95858333,20.58333333,231.3321667,0.00833333,9.3625,20.62083333,,1.45,77.9025,25.303875
HOSPITAL DEL NORTE,2023-07-14,2023,7,14,693.8417826,1.12769565,13.14347826,201.9355217,0.17391304,12.38695652,26.46521739,,3.30869565,82.83995652,24.26121739
HOSPITAL DEL NORTE,2023-07-13,2023,7,13,693.1486667,2.14533333,25.77916667,234.7804167,0.00833333,10.00833333,22.72083333,,5.42,72.11583333,26.18191667
HOSPITAL DEL NORTE,2023-07-12,2023,7,12,694.3135833,1.810875,17.44583333,178.6582917,0.00833333,11.96666667,27.80416667,,3.23333333,79.90220833,24.35075
HOSPITAL DEL NORTE,2023-07-11,2023,7,11,694.9125417,1.64479167,14.325,240.6399583,0.42495833,10.4125,26.42916667,,4.39583333,81.57454167,24.12683333
HOSPITAL DEL NORTE,2023-07-10,2023,7,10,694.4934167,1.76116667,20.81666667,206.3887917,0,8.95,20.64166667,,2.60833333,76.51816667,25.25083333
HOSPITAL DEL NORTE,2023-07-09,2023,7,9,695.1777826,1.74078261,19.25652174,234.7415652,0,6.85217391,14.6826087,,1.93478261,78.87378261,25.17986957
HOSPITAL DEL NORTE,2023-07-08,2023,7,8,695.432,1.41079167,10.47083333,197.2799583,0.10833333,6.3625,15.45,,1.37916667,81.993375,24.04916667
HOSPITAL DEL NORTE,2023-07-07,2023,7,7,694.9536957,2.33543478,13.00869565,185.3526957,0.10434783,6.68695652,15.39565217,,3.26086957,83.5053913,24.63134783
HOSPITAL DEL NORTE,2023-07-06,2023,7,6,694.792375,1.66945833,16.44166667,268.0618333,0.00833333,9.9625,20.20833333,,3.20833333,82.17504167,24.993
HOSPITAL DEL NORTE,2023-07-05,2023,7,5,695.5435833,1.90825,15.4375,184.9355,0,9.8875,19.40833333,,2.75416667,80.50045833,24.88895833
HOSPITAL DEL NORTE,2023-07-04,2023,7,4,695.875125,2.154,11.54166667,204.8122083,0,7.02916667,15.775,,3.06666667,83.038,24.61029167
HOSPITAL DEL NORTE,2023-07-03,2023,7,3,695.6345,1.66841667,14.55833333,211.39525,0,7.0125,16.12083333,,1.07083333,82.32983333,24.26904167
HOSPITAL DEL NORTE,2023-07-02,2023,7,2,695.0275,1.45936364,13.12272727,157.8482273,0.23636364,6.25454545,15.22272727,,2.12727273,84.669,23.77190909
HOSPITAL DEL NORTE,2023-07-01,2023,7,1,694.3851667,1.40095833,16.22083333,210.6512917,0.34166667,8.80833333,19.5875,,3.65,83.54291667,25.441875
HOSPITAL DEL NORTE,2023-06-30,2023,6,30,694.30275,1.8095,17.47916667,206.23025,0.05833333,7.3125,17.8625,,1.94583333,79.233,25.95795833
HOSPITAL DEL NORTE,2023-06-29,2023,6,29,694.1405926,1.97148148,17.34074074,218.5948519,0.31851852,8.62592593,19.40740741,,3.88333333,79.21025926,25.49281481
HOSPITAL DEL NORTE,2023-06-28,2023,6,28,694.62775,1.98425,16.05833333,204.2149167,0,6.65416667,15.52916667,,3.29583333,78.152375,24.96708333
HOSPITAL DEL NORTE,2023-06-27,2023,6,27,695.09875,1.95570833,16.1,221.8691667,0,8.93333333,21.21666667,,2.20416667,83.718125,24.642375
HOSPITAL DEL NORTE,2023-06-26,2023,6,26,695.866125,1.26058333,14.65,209.5012917,0.05,8.8875,19.82916667,,2.96666667,87.00008333,23.61754167
HOSPITAL DEL NORTE,2023-06-25,2023,6,25,695.0737826,1.71278261,13.84347826,210.5667391,0.70434783,7.72173913,17.6826087,,0.76956522,83.77508696,23.78330435
HOSPITAL DEL NORTE,2023-06-24,2023,6,24,695.005125,2.02966667,17.19583333,204.4732083,1.15829167,6.37916667,13.29583333,,2.65,87.54229167,23.60883333
HOSPITAL DEL NORTE,2023-06-23,2023,6,23,694.9369583,1.93879167,13.50833333,214.4044167,0,11.52916667,24.81666667,,2.98333333,84.82191667,24.21191667
HOSPITAL DEL NORTE,2023-06-22,2023,6,22,694.4312083,1.89966667,14.25,190.0938333,0.87495833,11.0625,24.8,,3.625,84.018375,24.12895833
HOSPITAL DEL NORTE,2023-06-21,2023,6,21,693.4224583,1.55358333,17.87083333,196.9427917,0,12.84583333,29.22083333,,4.74583333,74.04295833,25.82475
HOSPITAL DEL NORTE,2023-06-20,2023,6,20,693.6497917,1.68045833,19.2625,178.1032917,0,9.01666667,20.15,,3.32083333,73.14175,26.38591667
HOSPITAL DEL NORTE,2023-06-19,2023,6,19,694.3971667,1.66575,21.725,253.5143333,0,8.55416667,18.57083333,,3.82916667,76.90541667,25.93779167
HOSPITAL DEL NORTE,2023-06-18,2023,6,18,695.0929565,1.54986957,13.66086957,246.0997826,0,11.79565217,23.83478261,,3.08695652,83.14478261,24.29921739
HOSPITAL DEL NORTE,2023-06-17,2023,6,17,695.3152083,1.68458333,12.04166667,174.8735,0.15833333,9.27916667,22.975,,3.925,85.06675,23.26245833
HOSPITAL DEL NORTE,2023-06-16,2023,6,16,694.7499583,1.86325,15.71666667,237.4344583,0.00833333,11.75416667,26.125,,2.725,79.55941667,24.81695833
HOSPITAL DEL NORTE,2023-06-15,2023,6,15,694.2311667,1.68508333,18.28333333,166.7157917,0.03333333,8.04583333,19.92083333,,5,80.9645,24.81391667
HOSPITAL DEL NORTE,2023-06-14,2023,6,14,694.2011667,1.7635,21.94166667,215.5967917,0.05829167,11.02916667,23.53333333,,3.25833333,75.98283333,25.42658333
HOSPITAL DEL NORTE,2023-06-13,2023,6,13,693.9620833,1.85966667,21.60833333,223.2885833,0,9.22083333,18.775,,2.12083333,72.49204167,25.75733333
HOSPITAL DEL NORTE,2023-06-12,2023,6,12,694.7362917,1.7,16.675,200.7345417,0,8.1125,17.7,,1.7375,75.97670833,24.78941667
HOSPITAL DEL NORTE,2023-06-11,2023,6,11,695.7571304,1.84913043,16.22173913,159.2906087,0.00869565,10.23043478,21.37391304,,2.89130435,83.268,24.646
HOSPITAL DEL NORTE,2023-06-10,2023,6,10,696.009,1.80670833,11.4125,212.6425833,0.01666667,6.49583333,18.17916667,,1.87916667,85.19325,23.523125
HOSPITAL DEL NORTE,2023-06-09,2023,6,9,696.28275,1.53541667,12.8625,208.425875,0.08333333,12.57916667,25.2875,,4.04166667,87.52266667,23.83079167
HOSPITAL DEL NORTE,2023-06-08,2023,6,8,696.2227917,1.80116667,11.29166667,213.8169583,0.725,8.14583333,19.46666667,,3.15,85.763,23.61825
HOSPITAL DEL NORTE,2023-06-07,2023,6,7,695.25575,1.78633333,16.4125,190.1217083,0.00833333,8.79583333,23.025,,1.9,81.716125,24.55979167
HOSPITAL DEL NORTE,2023-06-06,2023,6,6,695.5008333,1.49670833,12.01666667,177.643,0.01666667,8.625,26.19166667,,2.01666667,81.456875,24.209625
HOSPITAL DEL NORTE,2023-06-05,2023,6,5,695.903625,1.54958333,11.30416667,150.7694167,0.19166667,8.3375,21.17916667,,1.89583333,87.245,23.45316667
HOSPITAL DEL NORTE,2023-06-04,2023,6,4,695.0123913,1.72869565,14.84347826,196.415087,0.45217391,7.9,17.17391304,,3.3,84.96730435,24.07817391
HOSPITAL DEL NORTE,2023-06-03,2023,6,3,693.8809167,1.76645833,19.3625,221.3275417,0,10.8875,24.53333333,,,77.77295833,25.49095833
HOSPITAL DEL NORTE,2023-06-02,2023,6,2,694.9878333,1.3975,12.47083333,212.3859583,0.00833333,9.64166667,24.80833333,,,84.133875,24.06120833
HOSPITAL DEL NORTE,2023-06-01,2023,6,1,695.9204583,1.65479167,10.07916667,189.7425417,0.03333333,5.48333333,15.73333333,,2.44444444,87.03091667,22.958375
HOSPITAL DEL NORTE,2023-05-31,2023,5,31,695.130375,2.13816667,17.89583333,247.738125,0.01666667,5.5625,14.4125,,1.70833333,80.07191667,24.92
HOSPITAL DEL NORTE,2023-05-30,2023,5,30,695.3444583,2.04458333,15.34583333,225.4419167,0.05833333,5.12916667,13.90416667,,2.30833333,81.40520833,24.39158333
HOSPITAL DEL NORTE,2023-05-29,2023,5,29,694.9893333,1.893625,16.17083333,179.2927083,0,6.9625,17.68333333,,2.08333333,82.034,24.66329167
HOSPITAL DEL NORTE,2023-05-28,2023,5,28,695.605,1.3653913,10.66956522,146.3023913,0.09565217,6.96521739,17.66956522,,1.89130435,86.42443478,23.20326087
HOSPITAL DEL NORTE,2023-05-27,2023,5,27,695.8302917,2.11195833,19.46666667,176.2385833,0.48333333,5.6,13.55833333,,1.81666667,80.93025,24.17779167
HOSPITAL DEL NORTE,2023-05-26,2023,5,26,695.333125,1.98366667,20,194.408875,0.00833333,6.04583333,15.6375,,3.09166667,81.38008333,24.57170833
HOSPITAL DEL NORTE,2023-05-25,2023,5,25,693.9511667,1.85883333,15.4375,186.572375,0.00833333,7.70416667,19.89583333,,2.72083333,83.9,24.146125
HOSPITAL DEL NORTE,2023-05-24,2023,5,24,694.046625,1.68054167,16.00833333,182.5218333,0.00833333,7.89166667,19.27916667,,2.47916667,84.11595833,24.39875
HOSPITAL DEL NORTE,2023-05-23,2023,5,23,695.183125,1.813,15.19583333,158.5225417,0,8.89166667,21.62916667,,2.96666667,85.81045833,24.09795833
HOSPITAL DEL NORTE,2023-05-22,2023,5,22,694.9761667,1.653875,17.51666667,205.499,0.87491667,4.925,11.92083333,,2.07916667,90.05716667,23.055875
HOSPITAL DEL NORTE,2023-05-21,2023,5,21,694.4556087,1.71043478,19.07826087,221.9808261,0,8.00869565,15.03043478,,1.77826087,87.06456522,24.26130435
HOSPITAL DEL NORTE,2023-05-20,2023,5,20,694.0769167,1.81191667,17.29583333,189.014625,0,10.84583333,20.75416667,,3.3875,84.022,25.30775
HOSPITAL DEL NORTE,2023-05-19,2023,5,19,694.0458333,1.848875,24.65833333,179.5156667,0,8.15833333,18.7625,,2.55416667,76.98054167,26.09866667
HOSPITAL DEL NORTE,2023-05-18,2023,5,18,694.351,2.132375,25.95833333,172.2007917,0,6.86666667,17.15416667,,5.215,74.00091667,26.37404167
HOSPITAL DEL NORTE,2023-05-17,2023,5,17,695.5342083,1.905625,18.77916667,219.9035833,0.00833333,7.13333333,16.33333333,,4.25416667,83.37545833,25.102125
HOSPITAL DEL NORTE,2023-05-16,2023,5,16,696.320125,1.88333333,14.51666667,186.257375,0,7.8625,19.46666667,,1.7625,84.468625,24.17754167
HOSPITAL DEL NORTE,2023-05-15,2023,5,15,696.6820417,1.74866667,14.2875,207.2455833,0.05,6.92083333,17.39583333,,1.5875,85.02575,24.29754167
HOSPITAL DEL NORTE,2023-05-14,2023,5,14,695.2601739,1.84117391,19.86086957,221.4348261,0.23478261,11.85652174,20.92608696,,2.84782609,84.3606087,24.626
HOSPITAL DEL NORTE,2023-05-13,2023,5,13,694.0559583,2.12858333,27.47916667,198.3727917,0.791625,10.09166667,21.55,,1.975,80.213625,25.09633333
HOSPITAL DEL NORTE,2023-05-12,2023,5,12,694.40775,1.80070833,20.16666667,171.6569583,0.08333333,8.525,19.27083333,,1.08333333,80.07020833,25.01920833
HOSPITAL DEL NORTE,2023-05-11,2023,5,11,694.6917083,2.10970833,26.02916667,215.2648333,0.00833333,6.84166667,16.15,,1.80833333,75.12658333,26.06783333
HOSPITAL DEL NORTE,2023-05-10,2023,5,10,695.1623333,1.97895833,23.3125,171.5151667,0.33333333,8.69583333,16.56666667,,2.29166667,81.70045833,24.94483333
HOSPITAL DEL NORTE,2023-05-09,2023,5,9,694.3145833,1.9555,30.44166667,219.9912917,0,19.90833333,32.82916667,,2.79583333,75.28154167,26.68391667
HOSPITAL DEL NORTE,2023-05-08,2023,5,8,693.8784167,1.60995833,26.725,227.7475417,0,18.50833333,32.74166667,,3.42083333,77.46216667,25.78558333
HOSPITAL DEL NORTE,2023-05-07,2023,5,7,694.1873044,2.08956522,33.07391304,194.340913,0,20.13913043,31.49130435,,3.17826087,75.54113043,25.6833913
HOSPITAL DEL NORTE,2023-05-06,2023,5,6,693.8587083,2.38083333,43.95833333,185.919,0,18.8125,30.8375,,2.35416667,67.61145833,26.43225
HOSPITAL DEL NORTE,2023-05-05,2023,5,5,693.4412083,2.21179167,37.63333333,191.9785833,0,14.4,26.27916667,,1.4875,67.96954167,27.077375
HOSPITAL DEL NORTE,2023-05-04,2023,5,4,693.4285833,1.97766667,42.72916667,210.876,0,14.19583333,26.47916667,,3.80833333,67.42375,26.67625
HOSPITAL DEL NORTE,2023-05-03,2023,5,3,692.9792083,2.29770833,39.6125,185.2047083,0,8.41666667,16.74583333,,2.41818182,60.11354167,26.47775
HOSPITAL DEL NORTE,2023-05-02,2023,5,2,694.1315417,2.10133333,29.9625,224.49325,0,7.04166667,15.66666667,,0.30416667,70.156125,25.78766667
HOSPITAL DEL NORTE,2023-05-01,2023,5,1,695.059625,1.70708333,22.70833333,224.0092917,0,6.1625,14.55833333,,0.65416667,77.95516667,24.78975
HOSPITAL DEL NORTE,2023-04-30,2023,4,30,695.8808261,1.59317391,16.6826087,172.5483478,0.06086957,5.75652174,13.60869565,,0.3,85.20673913,24.16478261
HOSPITAL DEL NORTE,2023-04-29,2023,4,29,695.3780417,1.702875,21.96666667,189.2331667,0.30829167,9.45416667,20.34583333,,,81.91675,24.81541667
HOSPITAL DEL NORTE,2023-04-28,2023,4,28,695.2950833,1.90416667,18.1625,151.0285833,0.06666667,10.15416667,20.525,,,83.54475,24.24991667
HOSPITAL DEL NORTE,2023-04-27,2023,4,27,695.1611667,1.724,21.91666667,197.8902917,0.06666667,7.94583333,20.6375,,,80.88004167,24.42079167
HOSPITAL DEL NORTE,2023-04-26,2023,4,26,695.3217917,1.599125,21.91666667,200.5283333,1.28329167,7.46666667,16.4125,,,83.598375,24.098625
HOSPITAL DEL NORTE,2023-04-25,2023,4,25,695.2300417,1.846625,28.42916667,201.455125,0,12.8625,23.89166667,,,78.36470833,25.32366667
HOSPITAL DEL NORTE,2023-04-24,2023,4,24,695.4646667,1.84091667,20.59166667,192.696375,0,9.90833333,20.4,,,82.52995833,23.76258333
HOSPITAL DEL NORTE,2023-04-23,2023,4,23,694.854913,1.67495652,24.04782609,200.1271304,0,11.18695652,24.75652174,,,81.26613043,24.37647826
HOSPITAL DEL NORTE,2023-04-22,2023,4,22,695.030125,1.12083333,13.3,204.31325,0.84166667,9.5375,19.40416667,,,88.16004167,22.58645833
HOSPITAL DEL NORTE,2023-04-21,2023,4,21,695.178625,1.45158333,16.8,173.4452917,0,11.67083333,26.3875,,,85.31429167,22.80808333
HOSPITAL DEL NORTE,2023-04-20,2023,4,20,694.75925,1.770125,9.77222222,117.5613333,0.14166667,11.95833333,25.45,,2.48888889,83.796375,23.86191667
HOSPITAL DEL NORTE,2023-04-19,2023,4,19,694.0276667,1.806,22.85833333,178.122,0,8.89166667,19.20416667,,1.675,78.59566667,24.562125
HOSPITAL DEL NORTE,2023-04-18,2023,4,18,694.6348333,1.84783333,24.05416667,168.5992917,0,7.80833333,18.49166667,,1.72916667,79.89891667,24.683
HOSPITAL DEL NORTE,2023-04-17,2023,4,17,695.2193333,1.65304167,24.37916667,225.7998333,0.2,7.45833333,14.35,,1.6625,85.92495833,23.475375
HOSPITAL DEL NORTE,2023-04-16,2023,4,16,695.3586522,1.70678261,32.63478261,232.8773913,1.28691304,11.17826087,16.45652174,,1.31304348,86.86508696,23.73856522
HOSPITAL DEL NORTE,2023-04-15,2023,4,15,694.1759583,1.96158333,30.76666667,197.1121667,0.816625,16.07916667,27.14583333,,2.42083333,77.11066667,25.52508333
HOSPITAL DEL NORTE,2023-04-14,2023,4,14,693.3876667,1.77016667,28.46666667,220.2168333,0,16.49166667,33.23333333,,2.3875,76.26129167,25.62416667
HOSPITAL DEL NORTE,2023-04-13,2023,4,13,693.2254583,1.39608333,19.8375,156.5782917,0,14.80833333,33.73333333,,2.1375,78.84054167,24.26508333
HOSPITAL DEL NORTE,2023-04-12,2023,4,12,693.948125,1.65583333,21.9875,189.4848333,0.01666667,10.32916667,21.55833333,,2.325,80.419875,24.669125
HOSPITAL DEL NORTE,2023-04-11,2023,4,11,694.6287083,1.69666667,21.14583333,200.2910833,0.08333333,11.82083333,22,,1.55416667,82.22620833,24.51870833
HOSPITAL DEL NORTE,2023-04-10,2023,4,10,694.7158421,1.54305263,18.87894737,149.7010417,0,12.05263158,24.07894737,,2.26315789,78.96622222,24.58016667
HOSPITAL DEL NORTE,2023-04-09,2023,4,9,694.8424167,1.822625,27.39166667,197.8118333,0,9.85416667,17.94583333,,1.42083333,77.737875,25.21870833
HOSPITAL DEL NORTE,2023-04-08,2023,4,8,695.2182917,1.618,21.5625,242.4512917,0.00833333,9.62083333,19.275,,1.52916667,81.44329167,24.010875
HOSPITAL DEL NORTE,2023-04-07,2023,4,7,694.8370417,1.78945833,33.57916667,214.9280833,0.55,8.23333333,13.69583333,,1.18333333,84.98858333,23.11745833
HOSPITAL DEL NORTE,2023-04-06,2023,4,6,693.4958333,1.66583333,26.6125,184.9835833,0,14.80416667,23.4875,,1.95416667,77.43658333,24.43120833
HOSPITAL DEL NORTE,2023-04-05,2023,4,5,693.119875,1.65970833,24.27916667,176.9666667,0.00833333,14.46666667,25.89583333,,2.0125,75.32233333,24.95758333
HOSPITAL DEL NORTE,2023-04-04,2023,4,4,692.9643333,1.68370833,28.55,198.8348333,0.23329167,13.875,23.71666667,,2.73333333,75.51041667,25.53954167
HOSPITAL DEL NORTE,2023-04-03,2023,4,3,693.3599167,1.70104167,29.375,223.9260417,0,11.27916667,20.925,,1.34166667,74.97845833,25.54454167
HOSPITAL DEL NORTE,2023-04-02,2023,4,2,694.5132174,1.91852174,23.00434783,251.7187391,0,15.37391304,25.54347826,,1.95217391,77.67008696,24.78695652
HOSPITAL DEL NORTE,2023-04-01,2023,4,1,694.7853333,1.97179167,25.26666667,172.479375,0.06666667,18.19583333,28,,2.2375,75.50070833,24.77645833
HOSPITAL DEL NORTE,2023-03-31,2023,3,31,694.5298333,1.97475,27.25416667,183.0549167,0,19.64166667,31.49583333,,2.07083333,74.42295833,24.8755
HOSPITAL DEL NORTE,2023-03-30,2023,3,30,694.7535833,1.70733333,28.61666667,234.726875,0,21.19166667,31.79583333,,1.8625,77.49045833,24.53216667
HOSPITAL DEL NORTE,2023-03-29,2023,3,29,694.507625,1.950125,24.02916667,210.7477917,0.14166667,27.93333333,40.20833333,,2.51666667,75.491,24.62520833
HOSPITAL DEL NORTE,2023-03-28,2023,3,28,695.0624167,1.903375,35.40416667,161.3772917,0.93333333,16.8875,26.67083333,,2.44583333,82.424,23.90025
HOSPITAL DEL NORTE,2023-03-27,2023,3,27,695.9195417,2.12441667,35.5125,185.089,0,20.37083333,33.4875,,1.55,70.41995833,25.10754167
HOSPITAL DEL NORTE,2023-03-26,2023,3,26,694.6231667,1.90183333,34.5375,244.145625,0,28.45833333,41.70416667,,2.53333333,77.83883333,24.749875
HOSPITAL DEL NORTE,2023-03-25,2023,3,25,694.7853333,1.97179167,43.50833333,172.479375,0.06666667,27.31666667,40.2,,1.77083333,75.50070833,24.77645833
HOSPITAL DEL NORTE,2023-03-24,2023,3,24,694.5298333,1.97475,42.4625,183.0549167,0,35.09166667,47.4625,,1.93333333,74.42295833,24.8755
HOSPITAL DEL NORTE,2023-03-23,2023,3,23,694.7535833,1.70733333,37.81666667,234.726875,0,42.05416667,55.92083333,,2.67916667,77.49045833,24.53216667
HOSPITAL DEL NORTE,2023-03-22,2023,3,22,694.507625,1.950125,40.48333333,210.7477917,0.14166667,34.00416667,45.9875,,2.34583333,75.491,24.62520833
HOSPITAL DEL NORTE,2023-03-21,2023,3,21,695.0624167,1.903375,32.025,161.3772917,0.93333333,23.16666667,36.00833333,,2.35,82.424,23.90025
HOSPITAL DEL NORTE,2023-03-20,2023,3,20,695.9195417,2.12441667,36.625,185.089,0,15.94583333,24.17916667,,1.06666667,70.41995833,25.10754167
HOSPITAL DEL NORTE,2023-03-19,2023,3,19,695.85375,1.830625,30.51666667,187.79925,0.29166667,15.93333333,24.92916667,,1.39166667,78.14458333,24.30458333
HOSPITAL DEL NORTE,2023-03-18,2023,3,18,695.63575,1.824875,22.21666667,187.4864167,0,14.9875,29.70416667,,1.32916667,81.28158333,24.33583333
HOSPITAL DEL NORTE,2023-03-17,2023,3,17,695.6630417,1.64808333,19.39583333,190.81075,0.10833333,12.04166667,24.35,,,85.94841667,23.1235
HOSPITAL DEL NORTE,2023-03-16,2023,3,16,696.104125,1.66895833,18.325,167.7752083,0.075,11.64583333,24.54583333,,2.65294118,89.55633333,22.31025
HOSPITAL DEL NORTE,2023-03-15,2023,3,15,695.8120417,1.87333333,22.29583333,191.347875,0.15829167,10.075,22.1125,,1.49166667,84.30379167,23.25275
HOSPITAL DEL NORTE,2023-03-14,2023,3,14,696.1534167,1.55816667,18.85416667,206.2386667,0.03333333,11.28333333,24.32083333,,1.3125,86.38554167,23.27958333
HOSPITAL DEL NORTE,2023-03-13,2023,3,13,696.8919167,1.24125,11.89166667,197.6862083,0.06666667,11.3625,24.87083333,,1.70416667,92.58475,21.836875
HOSPITAL DEL NORTE,2023-03-12,2023,3,12,696.5740417,1.07329167,18.125,234.2815833,0.11666667,13.6875,21.79583333,,1.725,91.00979167,22.02425
HOSPITAL DEL NORTE,2023-03-11,2023,3,11,696.362,0.909375,13.25416667,183.324375,1.366625,16.12916667,26.90833333,,3.05833333,96.36508333,20.41441667
HOSPITAL DEL NORTE,2023-03-10,2023,3,10,695.685125,1.64133333,21.54166667,174.894125,0,12,27.47083333,,0.59166667,78.59383333,23.25229167
HOSPITAL DEL NORTE,2023-03-09,2023,3,9,696.378375,0.93795833,12.9875,164.2898333,1.09995833,11.13333333,22.875,,1.24583333,94.86658333,20.78516667
HOSPITAL DEL NORTE,2023-03-08,2023,3,8,695.3763333,1.58516667,20.86666667,223.8869167,0.291625,11.49583333,23.1125,,1.09583333,84.59804167,22.78645833
HOSPITAL DEL NORTE,2023-03-07,2023,3,7,694.554625,1.77770833,20.30416667,196.857,1.72495833,10.02083333,20.76666667,,1.70416667,84.92041667,23.43916667
HOSPITAL DEL NORTE,2023-03-06,2023,3,6,694.3744167,2.07454167,22.275,222.11875,0.04166667,11.74166667,21.2375,,1.31666667,80.73125,24.77570833
HOSPITAL DEL NORTE,2023-03-05,2023,3,5,694.2151739,1.76786957,25.62608696,251.912,0.00869565,21.2,29.73913043,116.2152273,0.6173913,81.62930435,24.96669565
HOSPITAL DEL NORTE,2023-03-04,2023,3,4,693.540125,1.24008333,26.75,176.8967917,0.01666667,30.38333333,44.41666667,67.52104167,0.83333333,80.6565,25.048625
HOSPITAL DEL NORTE,2023-03-03,2023,3,3,692.41925,1.700875,38.58333333,216.4045,0,22.20833333,34.525,150.5769583,1.15,69.94404167,26.82066667
HOSPITAL DEL NORTE,2023-03-02,2023,3,2,693.2175,1.88875,33.12083333,192.33325,0,24.3125,35.075,146.9618333,0.81666667,71.89766667,25.88904167
HOSPITAL DEL NORTE,2023-03-01,2023,3,1,694.832625,1.86833333,34.97916667,202.3202083,0.35833333,20.17083333,30.97083333,118.6246667,0.76666667,77.77745833,24.75266667
HOSPITAL DEL NORTE,2023-02-28,2023,2,28,694.6701667,1.93020833,37.13333333,229.0170833,1.566625,23.18571429,32.55714286,163.351875,1.47916667,72.87754167,25.993
HOSPITAL DEL NORTE,2023-02-27,2023,2,27,694.6960417,2.02845833,48.4125,224.848,0.00833333,,,166.195,0.79166667,67.91379167,26.01745833
HOSPITAL DEL NORTE,2023-02-26,2023,2,26,694.6354348,1.86652174,51.9173913,235.6653044,0,,,170.3301304,2.46086957,66.79643478,25.41808696
HOSPITAL DEL NORTE,2023-02-25,2023,2,25,694.9830833,2.60666667,57.05833333,206.43975,0,,,167.4456667,1.79166667,57.52058333,25.52008333
HOSPITAL DEL NORTE,2023-02-24,2023,2,24,695.663,1.83966667,41.9125,212.13725,0,,,160.361625,2.25833333,67.03004167,25.01583333
HOSPITAL DEL NORTE,2023-02-23,2023,2,23,696.1025,1.644625,36.3875,226.5257083,0,,,165.1714583,1.14545455,73.09358333,24.10220833
HOSPITAL DEL NORTE,2023-02-22,2023,2,22,696.4872083,1.28104167,20.92916667,204.244625,0,,,57.44341667,2.33333333,83.465375,22.22166667
HOSPITAL DEL NORTE,2023-02-21,2023,2,21,694.5861667,1.86116667,39.33333333,179.09225,0.08329167,,,110.2375,1.31666667,73.14366667,24.44541667
HOSPITAL DEL NORTE,2023-02-20,2023,2,20,694.04075,1.89216667,43.71666667,195.0345417,3.541625,,,164.993,1.475,65.59679167,25.68545833
HOSPITAL DEL NORTE,2023-02-19,2023,2,19,693.96,2.29969565,,197.5181304,0,,,174.5133478,,60.33047826,25.63517391
HOSPITAL DEL NORTE,2023-02-18,2023,2,18,694.1440833,2.118875,,192.076375,,,,158.2667083,,68.35154167,24.7575
HOSPITAL DEL NORTE,2023-02-17,2023,2,17,693.346875,1.75779167,,187.3139167,,,,132.2274583,,82.659,24.067125
HOSPITAL DEL NORTE,2023-02-16,2023,2,16,694.0189167,1.37329167,10.89285714,158.2199167,,10.15,27.36428571,72.41729167,1.16363636,82.96691667,23.54620833
HOSPITAL DEL NORTE,2023-02-15,2023,2,15,694.3209583,1.635625,19.475,220.3582083,,10.65,19.07916667,107.2404583,1.9,89.57729167,23.39041667
HOSPITAL DEL NORTE,2023-02-14,2023,2,14,693.9827273,1.65127273,20.85909091,184.1944546,,13.62272727,26.61818182,155.8768182,1.85,77.42786364,25.03213636
HOSPITAL DEL NORTE,2023-02-13,2023,2,13,693.4947917,1.65041667,19.11666667,211.75075,,12.2,19.0125,121.7273333,2.2,79.603875,24.51170833
HOSPITAL DEL NORTE,2023-02-12,2023,2,12,692.8345833,1.81658333,28.55,227.0040833,,15.22083333,26.1,144.092,2.85416667,72.23308333,25.27520833
HOSPITAL DEL NORTE,2023-02-11,2023,2,11,693.1750833,2.03054167,33.62083333,223.39625,,15.63333333,26.00416667,136.6046667,1.10416667,69.32508333,25.57625
HOSPITAL DEL NORTE,2023-02-10,2023,2,10,693.4475833,1.786875,35.5125,206.8542083,,23.49166667,39.21666667,130.387,2.25833333,69.97875,25.35891667
HOSPITAL DEL NORTE,2023-02-09,2023,2,9,694.1395833,1.66508333,28.40833333,220.0183333,,13.59166667,26.5125,114.238125,1.49166667,72.74791667,24.31208333
HOSPITAL DEL NORTE,2023-02-08,2023,2,8,693.7600417,1.733375,36.86666667,212.6285417,,14.8625,28.68333333,142.6817917,0.75,69.257,25.278125
HOSPITAL DEL NORTE,2023-02-07,2023,2,7,693.9668333,1.979125,29.84166667,172.2309167,,18.81666667,34.1,138.371375,2.52083333,71.19629167,24.813125
HOSPITAL DEL NORTE,2023-02-06,2023,2,6,694.3330833,1.78095833,39.81666667,196.8253333,,18.7375,32.11666667,112.376125,2.075,68.66479167,24.92104167
HOSPITAL DEL NORTE,2023-02-05,2023,2,5,694.9502083,1.91216667,44.87916667,180.0454167,,21.90416667,32.83333333,142.846125,0.89166667,68.852125,25.10566667
HOSPITAL DEL NORTE,2023-02-04,2023,2,4,695.7607083,1.9215,46.375,225.946375,,22.54583333,38.175,135.2775417,1.72083333,69.19279167,24.57879167
HOSPITAL DEL NORTE,2023-02-03,2023,2,3,694.84725,1.66716667,36.77083333,226.7985,,22.15,41.625,136.5221667,3.02916667,67.09083333,24.27358333
HOSPITAL DEL NORTE,2023-02-02,2023,2,2,694.603,1.97158333,45.49166667,206.00725,,20.39583333,34.42083333,161.8965833,1.2875,63.323625,24.172625
HOSPITAL DEL NORTE,2023-02-01,2023,2,1,694.7435833,1.85158333,39.84166667,183.0932083,,17.8375,35.41666667,163.7798333,2.85,64.127125,24.57691667
HOSPITAL DEL NORTE,2023-01-31,2023,1,31,694.71025,2.41170833,41.96666667,179.3429583,,13.08333333,24.57916667,154.4572917,0.99583333,61.98525,24.969875
HOSPITAL DEL NORTE,2023-01-30,2023,1,30,694.4418333,1.67954167,36.3,245.17925,,17.99166667,34.84583333,160.9315833,2.37083333,67.899,24.5105
HOSPITAL DEL NORTE,2023-01-29,2023,1,29,693.7740833,1.90633333,43.87083333,236.5543333,,14.75833333,25.87916667,163.5985,1.39166667,62.04345833,24.41875
HOSPITAL DEL NORTE,2023-01-28,2023,1,28,694.0150833,2.13,49.64166667,189.82,,14.14583333,25.29166667,163.1532917,2.0125,57.74591667,24.11108333
HOSPITAL DEL NORTE,2023-01-27,2023,1,27,694.1165,2.43170833,48.5875,185.1938333,,12.92083333,25.90833333,163.7880833,1.80833333,57.25125,24.481125
HOSPITAL DEL NORTE,2023-01-26,2023,1,26,693.9305,2.02683333,39.64166667,208.0071667,,10.70833333,22.54166667,165.9418333,1.525,56.33033333,24.11545833
HOSPITAL DEL NORTE,2023-01-25,2023,1,25,694.0505,1.82579167,32.79565217,209.80725,,12.34583333,24.8125,139.7940833,1.02916667,65.953625,24.47495833
HOSPITAL DEL NORTE,2023-01-24,2023,1,24,694.5284583,1.54066667,32.44090909,155.9040833,,15.45,28.58333333,103.627875,1.48333333,75.955625,23.971125
HOSPITAL DEL NORTE,2023-01-23,2023,1,23,694.7611667,1.72095833,36.35714286,220.3731667,,14.375,25.20416667,149.4103333,1.12916667,74.42408333,24.32291667
HOSPITAL DEL NORTE,2023-01-22,2023,1,22,694.0122083,1.97041667,29.84583333,190.4934583,,13.175,21.3125,109.8799583,1.54166667,74.96808333,23.4795
HOSPITAL DEL NORTE,2023-01-21,2023,1,21,694.331625,2.286375,37.1375,206.7715,,10.21666667,18.35416667,161.2109167,0.95416667,65.19833333,24.27529167
HOSPITAL DEL NORTE,2023-01-20,2023,1,20,695.2464167,2.46533333,27.05263158,166.0755833,,9.48333333,18.1625,152.6214167,1.59166667,69.43083333,23.99620833
HOSPITAL DEL NORTE,2023-01-19,2023,1,19,695.3719583,2.014,24.725,203.8180417,,11.28333333,23.275,141.0409167,2.75714286,78.37845833,23.72404167
HOSPITAL DEL NORTE,2023-01-18,2023,1,18,694.923375,1.90741667,23,185.030625,,9.73333333,19.6125,143.6977083,0.975,77.04804167,23.58745833
HOSPITAL DEL NORTE,2023-01-17,2023,1,17,694.4760417,1.77220833,25.81666667,175.1035,,10.0375,20.1375,160.6772917,1.7875,76.92375,24.38858333
HOSPITAL DEL NORTE,2023-01-16,2023,1,16,695.1645217,1.97286957,21.99565217,170.5312174,,8.16086957,18.18695652,159.275913,1.10869565,78.87504348,23.89291304
HOSPITAL DEL NORTE,2023-01-15,2023,1,15,695.584087,1.93621739,24.83043478,227.6452609,,8.45217391,15.8826087,143.126087,2.26956522,80.05343478,24.03626087
HOSPITAL DEL NORTE,2023-01-14,2023,1,14,695.4416667,1.73333333,22.72916667,203.6583333,,11.42083333,22.95416667,137.1166667,1.87916667,79.84583333,23.81666667
HOSPITAL DEL NORTE,2023-01-13,2023,1,13,695.0541667,1.70416667,19.59583333,180.1833333,,7.8875,18.1375,133.4583333,1.11666667,80.1625,24.00416667
HOSPITAL DEL NORTE,2023-01-12,2023,1,12,695.5782609,1.59565217,17.10434783,198.2869565,,7.01304348,19.58695652,122.4391304,2.05652174,81.90869565,23.32173913
HOSPITAL DEL NORTE,2023-01-11,2023,1,11,695.9875,1.5375,21.225,207.5125,,6.7125,16.74583333,113.9375,2.40416667,83.725,22.55
HOSPITAL DEL NORTE,2023-01-10,2023,1,10,696.2375,1.50833333,26.20416667,215.55,,4.1,11.37692308,140.9208333,1.54583333,87.29583333,22.44583333
HOSPITAL DEL NORTE,2023-01-09,2023,1,9,696.0304348,1.30434783,20.90869565,181.926087,,,,93.3826087,0.83043478,85.82173913,23.2
HOSPITAL DEL NORTE,2023-01-08,2023,1,8,696.1086957,1.4,24.65652174,233.3478261,,,,119.7782609,1.73913043,83.13913043,23.7173913
HOSPITAL DEL NORTE,2023-01-07,2023,1,7,695.9625,1.48333333,19.50416667,227.275,,,,98.3375,1.20416667,84.50833333,23.55
HOSPITAL DEL NORTE,2023-01-06,2023,1,6,695.6416667,1.4625,23.69583333,207.4666667,,,,125.7333333,2.55833333,81.15416667,23.675
HOSPITAL DEL NORTE,2023-01-05,2023,1,5,695.5208333,1.50833333,22.8125,221.4208333,,,,134.9541667,1.125,80.49166667,23.39166667
HOSPITAL DEL NORTE,2023-01-04,2023,1,4,695.7913044,1.48695652,19.72173913,230.5782609,,,,111.7521739,,82.56086957,22.61304348
HOSPITAL DEL NORTE,2023-01-03,2023,1,3,696.1458333,1.325,18.37916667,169.7166667,,,,106.0041667,,85.29166667,22.43333333
HOSPITAL DEL NORTE,2023-01-02,2023,1,2,695.8875,1.4875,19.21666667,209.475,,,,99.09166667,,81.94583333,22.46666667
HOSPITAL DEL NORTE,2023-01-01,2023,1,1,695.8869565,1.83478261,33.14347826,258.5304348,,,,159.973913,,83.23043478,23.1
HOSPITAL DEL NORTE,2022-12-31,2022,12,31,695.373913,1.86521739,30.86086957,212.4347826,,,,150.6478261,,75.43043478,24.4
HOSPITAL DEL NORTE,2022-12-30,2022,12,30,694.8416667,1.84583333,31.675,174.3666667,,,,158.75,,73.66666667,24.19583333
HOSPITAL DEL NORTE,2022-12-29,2022,12,29,695.8041667,1.75,28.1125,183.7125,,,,137.1958333,,83.91666667,23.3125
HOSPITAL DEL NORTE,2022-12-28,2022,12,28,695.8125,1.83333333,30.275,188.2291667,,,,141.2291667,,76.54583333,24.25
HOSPITAL DEL NORTE,2022-12-27,2022,12,27,695.4958333,1.77083333,37.59166667,238.0041667,,,,152.6208333,,74.02916667,24.14166667
HOSPITAL DEL NORTE,2022-12-26,2022,12,26,694.5041667,1.72083333,30.8,212.3208333,,,,151.0375,,67.51666667,24.1875
HOSPITAL DEL NORTE,2022-12-25,2022,12,25,693.8958333,2.37916667,42.94583333,173.8333333,,,,163.4916667,,60.7875,24.3375
HOSPITAL DEL NORTE,2022-12-24,2022,12,24,694.0291667,2.45833333,41.1375,184,,,,161.8375,,59.75,24.76666667
HOSPITAL DEL NORTE,2022-12-23,2022,12,23,694.25,1.97916667,35.1625,207.35,,,,160.8541667,,69.82916667,25.05833333
HOSPITAL DEL NORTE,2022-12-22,2022,12,22,694.3,1.67083333,34.38333333,209.3208333,,,,154.4333333,,75.1,24.85
HOSPITAL DEL NORTE,2022-12-21,2022,12,21,694.5458333,1.74583333,31.9,191.5416667,,,,161.5,,71.675,24.87083333
HOSPITAL DEL NORTE,2022-12-20,2022,12,20,694.8583333,1.65833333,31.575,217.7,,,,150.45,,74.875,24.4625
HOSPITAL DEL NORTE,2022-12-19,2022,12,19,694.8958333,1.82916667,28.3125,179.975,,,,156.7541667,,75.3875,24.125
HOSPITAL DEL NORTE,2022-12-18,2022,12,18,694.0166667,1.76666667,23.40833333,175.4041667,,,,117.9041667,,76.825,23.62083333
HOSPITAL DEL NORTE,2022-12-17,2022,12,17,692.85,1.825,31.12916667,190.6583333,,,,151.2541667,,73.23333333,24.5875
HOSPITAL DEL NORTE,2022-12-16,2022,12,16,693.3708333,1.875,28.06363636,210.3,,8.69090909,18.63636364,159.4958333,1.03,73.08333333,24.76666667
HOSPITAL DEL NORTE,2022-12-15,2022,12,15,694.175,1.56666667,25.27083333,238.9375,,11.70833333,23.72916667,140.425,2.11875,80.06666667,24.1375
HOSPITAL DEL NORTE,2022-12-14,2022,12,14,694.175,1.75416667,16.9125,148.15,,8.50833333,20.14583333,122.1708333,0.925,78.94583333,23.53333333
HOSPITAL DEL NORTE,2022-12-13,2022,12,13,694.3375,1.48333333,21.72083333,152.9041667,,9.55416667,19.73333333,119.4375,1.1125,86.40416667,23.37916667
HOSPITAL DEL NORTE,2022-12-12,2022,12,12,694.5875,1.69583333,21.325,187.9166667,,9.8625,21.475,141.3,1.8125,81.09583333,23.48333333
HOSPITAL DEL NORTE,2022-12-11,2022,12,11,694.925,1.55,18.59583333,154.7541667,,13.11666667,24.29166667,114.6625,2.63333333,86.62916667,22.87916667
HOSPITAL DEL NORTE,2022-12-10,2022,12,10,694.9375,1.68333333,23.57083333,213.3916667,,14.0875,27.61666667,138.4791667,2.86666667,84.4125,23.00416667
HOSPITAL DEL NORTE,2022-12-09,2022,12,9,694.2416667,1.60416667,26.3875,233.1208333,,11.55652174,24.76666667,124.9125,1.5125,79.85833333,23.01666667
HOSPITAL DEL NORTE,2022-12-08,2022,12,8,694.7416667,1.60833333,27.0375,218.5458333,,12.40833333,23.94166667,148.5083333,2.15833333,77.3375,22.72916667
HOSPITAL DEL NORTE,2022-12-07,2022,12,7,695.4541667,1.8125,23.20416667,173.1375,,9.64583333,25.35,131.4833333,1.075,77.85416667,22.78333333
HOSPITAL DEL NORTE,2022-12-06,2022,12,6,694.7083333,1.80833333,22.3625,204.1125,,7.45833333,18.2375,158.6041667,1.45416667,82.06666667,23.23333333
HOSPITAL DEL NORTE,2022-12-05,2022,12,5,694.1125,1.90416667,21.775,224.1458333,,6.72083333,16.72083333,148.3958333,2.92083333,79.45,23.025
HOSPITAL DEL NORTE,2022-12-04,2022,12,4,693.9416667,1.72916667,22.84166667,206.9208333,,8.12083333,17.075,138.7416667,1.5375,80.48333333,23.42083333
HOSPITAL DEL NORTE,2022-12-03,2022,12,3,694.5083333,2.00416667,25.675,187.5416667,,6.87916667,15.97083333,156.875,1.16666667,74.41666667,23.35833333
HOSPITAL DEL NORTE,2022-12-02,2022,12,2,694.0625,2.00833333,23.1375,200.2208333,,6.1,16.23333333,155.5458333,1.14166667,74.5125,23.125
HOSPITAL DEL NORTE,2022-12-01,2022,12,1,693.95,1.44,11.25,150.31,,8.86,24.35,29.72,4.24,83.2,22.63
HOSPITAL DEL NORTE,2022-11-29,2022,11,29,694.85,1.33333333,14.73333333,181.1333333,,5.5,15.70833333,163.2583333,0.78888889,84.04166667,22.73333333
HOSPITAL DEL NORTE,2022-11-28,2022,11,28,694.6458333,1.7,24.12916667,198.3125,,7.65833333,16.41666667,127.0708333,2.3125,85.86666667,22.875
HOSPITAL DEL NORTE,2022-11-27,2022,11,27,695.3791667,1.38333333,16.65416667,175.975,,8.85,18.72916667,114.1416667,5.9,86.0375,22.76666667
HOSPITAL DEL NORTE,2022-11-26,2022,11,26,695.65,1.4375,12.38888889,143.9625,,7.1875,16.48333333,99.075,,85.86666667,23.06666667
HOSPITAL DEL NORTE,2022-11-25,2022,11,25,694.7125,1.7,20.19583333,216.1708333,,7.2375,17.07083333,148.275,,82.675,23.8125
HOSPITAL DEL NORTE,2022-11-24,2022,11,24,694.6041667,1.85416667,21.10833333,187.675,,6.54166667,16.69166667,136.5833333,,81.02083333,23.37916667
HOSPITAL DEL NORTE,2022-11-23,2022,11,23,694.5791667,1.70416667,21.92083333,167.5541667,,6.22916667,15.88333333,143.3833333,,79.56666667,23.60833333
HOSPITAL DEL NORTE,2022-11-22,2022,11,22,694.3541667,1.74583333,15.60454545,201.2375,,5.6625,14.5625,153.1333333,1.87777778,84.23333333,24.11666667
HOSPITAL DEL NORTE,2022-11-21,2022,11,21,693.9291667,1.7875,17.855,203.1541667,,5.69583333,15.2875,100.4666667,1.73333333,87.075,23.19583333
HOSPITAL DEL NORTE,2022-11-20,2022,11,20,693.3125,1.7875,22.895,220.7875,,5.55416667,14.04583333,162.9325833,2.55,82.54583333,23.9
HOSPITAL DEL NORTE,2022-11-19,2022,11,19,693.7166667,1.71666667,22.72352941,232.325,,6.48333333,18.27916667,147.7346667,2.13333333,82.02083333,23.70833333
HOSPITAL DEL NORTE,2022-11-18,2022,11,18,694.9916667,1.20416667,12.27142857,225.9166667,,8.175,22.45833333,35.23316667,2.7375,93.2,21.45
HOSPITAL DEL NORTE,2022-11-17,2022,11,17,694.3375,1.6125,12.61363636,177.9833333,,7.43333333,19.49166667,82.58766667,1.79166667,83.3875,23.54166667
HOSPITAL DEL NORTE,2022-11-16,2022,11,16,694.8125,1.9125,16.43913043,179.4708333,,6.66666667,16.09583333,133.0605417,2.32916667,80.75833333,24.36666667
HOSPITAL DEL NORTE,2022-11-15,2022,11,15,694.5583333,1.95833333,16.445,197.8708333,,5.17083333,14.4625,142.6555,1.35833333,83.60416667,23.99583333
HOSPITAL DEL NORTE,2022-11-14,2022,11,14,694.5791667,1.72083333,15.41304348,203.8375,,6.34166667,13.79166667,118.0477083,2.32916667,86.80416667,23.31666667
HOSPITAL DEL NORTE,2022-11-13,2022,11,13,694.775,1.56666667,20.80454545,255.5958333,,5.72083333,12.5,152.1958333,2.86666667,86.25833333,22.98333333
HOSPITAL DEL NORTE,2022-11-12,2022,11,12,695.0125,1.70833333,15.32,212.9958333,,8.22083333,15.64583333,111.8875,2.97083333,90.6375,21.92083333
HOSPITAL DEL NORTE,2022-11-11,2022,11,11,695.425,1.72916667,13.62380952,189.6083333,,6.40416667,16.6875,103.3166667,1.32083333,90.05833333,21.74583333
HOSPITAL DEL NORTE,2022-11-10,2022,11,10,695.9416667,1.74583333,22.43846154,204.4291667,,4.9,11.60769231,110.1833333,,85.97916667,22.67916667
HOSPITAL DEL NORTE,2022-11-09,2022,11,9,695.8708333,1.99166667,,184.775,,,,135.9416667,,81.975,23.02083333
HOSPITAL DEL NORTE,2022-11-08,2022,11,8,695.9583333,2.10833333,,272.6708333,,,,144.8083333,,84.64583333,23.125
HOSPITAL DEL NORTE,2022-11-07,2022,11,7,695.4,1.99583333,,202.6125,,,,159.8916667,,81.91666667,23.5375
HOSPITAL DEL NORTE,2022-11-06,2022,11,6,695.1708333,1.85833333,,221.4208333,,,,139.0833333,,85.8625,23.2125
HOSPITAL DEL NORTE,2022-11-05,2022,11,5,695.0041667,1.75416667,,199.9416667,,,,98.55,,85.54166667,23.26666667
HOSPITAL DEL NORTE,2022-11-04,2022,11,4,695.0708333,1.97916667,,212.425,,,,138.575,,85.1,23.44583333
HOSPITAL DEL NORTE,2022-11-03,2022,11,3,694.8833333,1.3625,,194.6291667,,,,91.2625,,86.73333333,23.3375
HOSPITAL DEL NORTE,2022-11-02,2022,11,2,695.3,1.6875,,193.1875,,,,119.95,,80.80833333,23.7
HOSPITAL DEL NORTE,2022-11-01,2022,11,1,695.1833333,2.10833333,,203.1958333,,,,165.6666667,,74.22083333,23.7375
HOSPITAL DEL NORTE,2022-10-31,2022,10,31,694.575,2.02916667,,215.2,,,,182.0958333,,76.62916667,23.07083333
HOSPITAL DEL NORTE,2022-10-30,2022,10,30,694.7583333,2.09166667,,231.8875,,,,181.8833333,,74.15,22.67916667
HOSPITAL DEL NORTE,2022-10-29,2022,10,29,695.9041667,1.8375,,183.6458333,,,,176.8875,,80.34583333,22.575
HOSPITAL DEL NORTE,2022-10-28,2022,10,28,695.5708333,1.40833333,,241.5166667,,,,104.0166667,,91.5875,22.25
HOSPITAL DEL NORTE,2022-10-27,2022,10,27,694.7,1.46666667,,192.6625,,,,90.925,,90.10833333,22.52916667
HOSPITAL DEL NORTE,2022-10-26,2022,10,26,694.5916667,1.35,,167.3083333,,,,79.275,,86.375,23.05833333
HOSPITAL DEL NORTE,2022-10-25,2022,10,25,694.5692308,2.23846154,,207.3384615,,,,188.2615385,,79.40769231,24.7
HOSPITAL DEL NORTE,2022-10-24,2022,10,24,695.25625,1.9375,,202.43125,,5.4625,14.7625,207.925,,85.575,23.8125
HOSPITAL DEL NORTE,2022-10-23,2022,10,23,694.8833333,1.6375,,210.7583333,,5.59583333,11.975,158.4958333,,87.96666667,23.125
HOSPITAL DEL NORTE,2022-10-22,2022,10,22,694.6541667,1.95,9.8,180.825,,5.37083333,12.92083333,115.5125,1.24285714,85.75833333,22.975
HOSPITAL DEL NORTE,2022-10-21,2022,10,21,694.8916667,1.9625,21.43636364,247.6375,0.375,7.8875,20.61666667,180.5458333,1.65416667,81.17916667,23.59583333
HOSPITAL DEL NORTE,2022-10-20,2022,10,20,695.4708333,1.42916667,15.04117647,165.3375,0.05,6.7875,22.89583333,80.47916667,2.19166667,87.76666667,22.6
HOSPITAL DEL NORTE,2022-10-19,2022,10,19,695.4541667,1.84166667,22.39565217,195.5833333,0.70416667,8.70833333,20.37083333,138.2291667,5.05263158,85.3875,23.125
HOSPITAL DEL NORTE,2022-10-18,2022,10,18,695.3,1.69166667,17.32173913,225.6125,0.10833333,5.43333333,14.64583333,101.9416667,2.0125,86.22083333,22.75833333
HOSPITAL DEL NORTE,2022-10-17,2022,10,17,694.6208333,1.84583333,23.0375,226.3458333,0.71666667,4.53333333,11.45416667,156.05,1.21666667,85.4625,22.96666667
HOSPITAL DEL NORTE,2022-10-16,2022,10,16,694.6541667,2.0875,23.35238095,207.1416667,0.67083333,5.64166667,13.4625,154.6791667,0.7875,82.5375,23.60416667
HOSPITAL DEL NORTE,2022-10-15,2022,10,15,694.9708333,1.81666667,20.3047619,232.4291667,0.00833333,7.14583333,17.225,118.3625,1.58333333,84.3875,23.54583333
HOSPITAL DEL NORTE,2022-10-14,2022,10,14,695.2375,1.7875,23.93478261,178.1,0.08333333,7.525,19.92083333,130.35,1.12916667,82.27916667,23.58333333
HOSPITAL DEL NORTE,2022-10-13,2022,10,13,695.2291667,1.66666667,28.86470588,186.3625,0.01666667,11.4,26.5125,122.3208333,2.175,86.45,22.85833333
HOSPITAL DEL NORTE,2022-10-12,2022,10,12,695.0166667,1.375,21.92857143,188.6916667,0.50416667,9.8875,22.96666667,108.3875,1.85416667,83.19583333,23.05
HOSPITAL DEL NORTE,2022-10-11,2022,10,11,695.5708333,1.84166667,23.92083333,182.8125,0.08333333,6.96666667,18.1,132.2375,0.75416667,76.675,24.12916667
HOSPITAL DEL NORTE,2022-10-10,2022,10,10,695.2875,1.75833333,21.55833333,198.9,0.11666667,5.35416667,15.21666667,160.175,2.22916667,82.85416667,23.4375
HOSPITAL DEL NORTE,2022-10-09,2022,10,9,694.8304348,1.65217391,20.33913043,199.2304348,1.29565217,6.13043478,14.40434783,115.0478261,1.95217391,85.88695652,22.63478261
HOSPITAL DEL NORTE,2022-10-08,2022,10,8,693.9458333,1.625,20.14583333,177.7208333,0,7.40416667,17.12083333,129.2333333,2.1,85.45833333,23.4125
HOSPITAL DEL NORTE,2022-10-07,2022,10,7,693.8,2.04583333,22.75,252.3041667,0.3,7.85,19.40833333,178.7125,3.78421053,83.4125,23.60416667
HOSPITAL DEL NORTE,2022-10-06,2022,10,6,694.8916667,1.47083333,15.09,159.075,0.30416667,5.85416667,14.77916667,84.61666667,1.78235294,88.2875,22.52083333
HOSPITAL DEL NORTE,2022-10-05,2022,10,5,694.9166667,1.45833333,23.52916667,193.4041667,0.15833333,6.94166667,15.79166667,97.81666667,1.86666667,86.01666667,23.02916667
HOSPITAL DEL NORTE,2022-10-04,2022,10,4,694.3791667,1.88333333,26.725,237.1541667,0.125,7.88333333,16.5375,159.45,1.32916667,74.54583333,24.4125
HOSPITAL DEL NORTE,2022-10-03,2022,10,3,695.4083333,1.65,22.4125,202.7833333,0.15,8.17083333,19.49166667,147.5041667,1.82083333,79.95,23.95833333
HOSPITAL DEL NORTE,2022-10-02,2022,10,2,696.3652174,1.76956522,29.46521739,218.2086957,0.13913043,6.92608696,14.57826087,159.3434783,0.9826087,80.93478261,23.70434783
HOSPITAL DEL NORTE,2022-10-01,2022,10,1,695.6958333,1.90416667,30.29583333,174.85,0.21666667,5.55,12.75833333,114.9208333,0.75833333,85.0375,22.39166667
HOSPITAL DEL NORTE,2022-09-30,2022,9,30,694.2125,2.0625,30.88333333,183.2125,0.08333333,6.64583333,17.30833333,167.3333333,2.14583333,80.7125,23.07916667
HOSPITAL DEL NORTE,2022-09-29,2022,9,29,694.9,2.20833333,37.50416667,205.8,0.05833333,4.7375,12.825,183.4125,1.16666667,76.80833333,23.69583333
HOSPITAL DEL NORTE,2022-09-28,2022,9,28,695.4041667,2.00416667,28.00833333,188.45,0.51666667,6.72916667,16.3125,111.975,1.86666667,85.17083333,23.0375
HOSPITAL DEL NORTE,2022-09-27,2022,9,27,695.175,1.80833333,24.8875,245.4916667,0,7.77916667,17.10833333,150.2458333,1.8,80.675,23.95833333
HOSPITAL DEL NORTE,2022-09-26,2022,9,26,694.4916667,1.89166667,22.75416667,186.4666667,0.075,8.94583333,20.20416667,135.6,1.85,81.64583333,23.65833333
HOSPITAL DEL NORTE,2022-09-25,2022,9,25,694.273913,1.86956522,34.32173913,177.2869565,0,5.93043478,14.13478261,171.1130435,2.03913043,80.8826087,23.60869565
HOSPITAL DEL NORTE,2022-09-24,2022,9,24,694.7708333,2.13333333,29.05,172.4791667,0.1,5.8375,15.075,145.8583333,1.025,81.27916667,23.29583333
HOSPITAL DEL NORTE,2022-09-23,2022,9,23,695.4416667,1.77083333,26.38333333,212.6375,0.09166667,6.61666667,17.0125,155.1875,1.2625,84.775,23.1875
HOSPITAL DEL NORTE,2022-09-22,2022,9,22,695.6875,1.50833333,13.55833333,153.2125,0.03333333,6.19166667,17.38333333,108.4291667,1.92105263,85.42916667,22.46666667
HOSPITAL DEL NORTE,2022-09-21,2022,9,21,695.525,1.84583333,22.59583333,175.5833333,0.60833333,5.27916667,15.9625,146.2791667,1.71666667,82.48333333,23.01666667
HOSPITAL DEL NORTE,2022-09-20,2022,9,20,695.7208333,1.85833333,21.44583333,200.7625,0.01666667,6.32916667,17.87916667,128.5958333,0.81666667,83.475,22.94166667
HOSPITAL DEL NORTE,2022-09-19,2022,9,19,696.0875,1.62916667,23.3875,193.85,0.125,3.49583333,11.725,117.3583333,1.02916667,86.41666667,22.35416667
HOSPITAL DEL NORTE,2022-09-18,2022,9,18,695.1756957,2.09017391,27.19265217,182.6688261,1.19991304,4.92621739,12.23386957,165.7238696,2.10895652,82.84669565,23.31708696
HOSPITAL DEL NORTE,2022-09-17,2022,9,17,695.3222083,1.82008333,27.08795833,276.066625,0.075,7.90266667,20.842375,150.7204167,0.93504167,83.13383333,23.107625
HOSPITAL DEL NORTE,2022-09-16,2022,9,16,695.24,2.09383333,24.57795833,204.866625,3.77495833,8.43616667,20.24833333,138.4279583,1.44016667,82.86495833,23.47620833
HOSPITAL DEL NORTE,2022-09-15,2022,9,15,695.057875,2.01979167,26.76158333,243.0280833,0.95833333,8.05908333,19.86170833,179.75975,1.97283333,79.864625,24.46175
HOSPITAL DEL NORTE,2022-09-14,2022,9,14,695.2202917,2.06416667,25.20254167,200.212,0.01666667,5.11729167,14.37058333,193.1175417,1.40779167,80.04191667,23.49666667
HOSPITAL DEL NORTE,2022-09-13,2022,9,13,695.3726667,1.92695833,24.79316667,203.4482917,3.97495833,5.49033333,12.8005,168.9340833,1.98766667,87.21208333,22.478375
HOSPITAL DEL NORTE,2022-09-12,2022,9,12,695.7465833,2.24304167,24.92741667,195.2238333,1.65825,5.27983333,12.00983333,164.763875,1.256375,79.904375,23.509625
HOSPITAL DEL NORTE,2022-09-11,2022,9,11,696.2943913,2.05782609,27.86052174,211.9255652,3.60865217,7.62652174,14.57613043,172.5133913,1.21930435,77.61221739,24.17469565
HOSPITAL DEL NORTE,2022-09-10,2022,9,10,695.7568333,2.04991667,30.08845833,191.2234167,0.33333333,9.7395,19.01566667,165.8454583,1.58491667,77.33495833,24.38625
HOSPITAL DEL NORTE,2022-09-09,2022,9,9,694.8929167,2.346625,32.129125,183.798,0.225,9.5065,19.017625,182.8255417,1.51425,75.9205,24.61791667
HOSPITAL DEL NORTE,2022-09-08,2022,9,8,694.896375,1.84154167,22.42275,158.9745833,4.22495833,12.30104167,20.99241667,138.8915,2.33891667,83.40625,24.05079167
HOSPITAL DEL NORTE,2022-09-07,2022,9,7,695.780875,1.918,27.18191667,197.7977917,0,15.98866667,25.314125,157.603625,1.80608333,79.68920833,24.386125
HOSPITAL DEL NORTE,2022-09-06,2022,9,6,696.334875,1.61883333,27.12545833,210.928875,0.00833333,19.07183333,30.05520833,106.8306667,1.75404167,82.43516667,24.1505
HOSPITAL DEL NORTE,2022-09-05,2022,9,5,696.0028333,1.16304167,20.40583333,195.5553333,0.01666667,9.41795833,20.05308333,92.76791667,0.91983333,84.946625,23.34941667
HOSPITAL DEL NORTE,2022-09-04,2022,9,4,694.7523044,1.65965217,19.64795652,111.1452609,3.99126087,5.67130435,14.19321739,142.8526522,0.93682609,84.34769565,22.98273913
HOSPITAL DEL NORTE,2022-09-03,2022,9,3,694.3557083,2.48408333,31.38758333,237.579,0.53329167,7.2065,15.13041667,203.8863333,0.76679167,80.81183333,24.042125
HOSPITAL DEL NORTE,2022-09-02,2022,9,2,694.54025,2.06925,22.27520833,258.723125,0.225,10.10195833,20.20883333,177.75175,2.45479167,83.35083333,23.847625
HOSPITAL DEL NORTE,2022-09-01,2022,9,1,694.9193333,1.975625,31.083,156.3733333,0.87991667,5.80104167,13.28908333,167.794875,1.25879167,83.25454167,23.591625
HOSPITAL DEL NORTE,2022-08-31,2022,8,31,695.2220417,2.04558333,28.40945833,161.3352917,0,6.91758333,14.90329167,148.5339583,1.10070833,77.039375,24.523125
HOSPITAL DEL NORTE,2022-08-30,2022,8,30,695.36725,2.09870833,30.041375,230.3668333,0.00833333,8.1015,16.58054167,184.1226667,1.86191667,76.57879167,24.48704167
HOSPITAL DEL NORTE,2022-08-29,2022,8,29,696.1880417,1.73020833,24.198875,194.2322917,0.45829167,10.49279167,18.718625,131.0615417,1.78,81.365375,22.86354167
HOSPITAL DEL NORTE,2022-08-28,2022,8,28,695.2588696,2.25847826,36.51673913,201.2218696,0.22173913,6.2056087,10.69865217,165.9636522,1.38147826,82.52104348,23.53830435
HOSPITAL DEL NORTE,2022-08-27,2022,8,27,694.7651667,2.068375,27.183875,180.6210417,0.07495833,9.633125,19.92129167,214.5505833,1.602,76.94870833,24.00129167
HOSPITAL DEL NORTE,2022-08-26,2022,8,26,695.978125,2.13541667,22.355875,206.6443333,0,11.7415,20.73641667,149.9064167,2.55941667,77.89329167,23.36483333
HOSPITAL DEL NORTE,2022-08-25,2022,8,25,696.0668333,1.9355,20.52795238,188.2999167,0,12.96579167,23.053875,125.4167917,3.25838889,78.72591667,23.75466667
HOSPITAL DEL NORTE,2022-08-24,2022,8,24,695.2791667,2.02916667,26.43333333,225.4291667,0.09166667,12.95833333,23.06666667,169.2,1.90416667,77.2875,24.31666667
HOSPITAL DEL NORTE,2022-08-23,2022,8,23,694.9708333,2.03333333,26.4625,235.1166667,0.025,7.12916667,15.47083333,183.1791667,1.29583333,76.47916667,24.06666667
HOSPITAL DEL NORTE,2022-08-22,2022,8,22,695.4,1.87083333,23.7,170.0208333,0.03333333,5.0375,13.05416667,133.0208333,1.4125,82.16666667,23.08333333
HOSPITAL DEL NORTE,2022-08-21,2022,8,21,695.5083333,1.76666667,20.49166667,170.4291667,0.18333333,6.8875,14.45416667,154.5791667,1.38333333,85.94166667,22.525
HOSPITAL DEL NORTE,2022-08-20,2022,8,20,695.2166667,2.13333333,29.0625,198.5333333,0.19166667,13.42916667,26.875,135.8458333,1.38333333,77.80833333,24.1625
HOSPITAL DEL NORTE,2022-08-19,2022,8,19,694.0666667,2.23333333,35.7375,224.4791667,0,14.05416667,31.7375,211.8916667,1.425,70.70833333,25.4625
HOSPITAL DEL NORTE,2022-08-18,2022,8,18,694.3791667,2.23333333,29.21666667,205.25,0,9.925,25.075,225.4625,1.65,68.925,24.89583333
HOSPITAL DEL NORTE,2022-08-17,2022,8,17,695.0625,2.41666667,23.11666667,210.9166667,0,6.40416667,16.67916667,221.8333333,1.96666667,73.85833333,24.01666667
HOSPITAL DEL NORTE,2022-08-16,2022,8,16,696.5708333,1.93333333,16.50833333,203.0916667,0.01666667,3.12916667,8.77916667,111.1708333,1.64166667,85.00416667,22.30416667
HOSPITAL DEL NORTE,2022-08-15,2022,8,15,695.3125,1.83333333,20.29166667,229.7416667,0.01666667,5.925,13.9,160.875,1.04583333,84.15833333,23.37916667
HOSPITAL DEL NORTE,2022-08-14,2022,8,14,696.0458333,1.85833333,21.84166667,182.1,1.275,6.85,13.84583333,145.5041667,1.4125,83.99166667,22.99166667
HOSPITAL DEL NORTE,2022-08-13,2022,8,13,696.775,2.0875,20.60833333,249.6875,0.01666667,7.14166667,16.70833333,155.4541667,2.41666667,83.09166667,22.75
HOSPITAL DEL NORTE,2022-08-12,2022,8,12,696.3458333,2.125,25.12916667,185.6416667,0.01666667,6.06666667,15.2,172.825,1.7,77.39166667,23.71666667
HOSPITAL DEL NORTE,2022-08-11,2022,8,11,695.5625,1.92083333,24.06666667,172.5291667,0.05,8.51666667,19.83333333,168.7083333,2.28333333,80.14166667,24.0125
HOSPITAL DEL NORTE,2022-08-10,2022,8,10,695.5333333,1.97083333,23.25416667,203.2625,0.06666667,7.3375,17.91666667,139.6708333,1.59166667,83.16666667,23.27083333
HOSPITAL DEL NORTE,2022-08-09,2022,8,9,694.4916667,2.10833333,29.1875,231.8208333,0.175,9.8,21.63333333,169.875,3.09583333,74.72916667,24.75
HOSPITAL DEL NORTE,2022-08-08,2022,8,8,693.8333333,2.1875,26.575,186.3041667,0,5.25833333,12.87916667,209.4375,1.67916667,71.4625,25.22083333
HOSPITAL DEL NORTE,2022-08-07,2022,8,7,694.7083333,2.05,23.10833333,209.1833333,0.00833333,7.3375,14.4375,178.875,0.9625,82.6,24.13333333
HOSPITAL DEL NORTE,2022-08-06,2022,8,6,694.7375,1.62916667,15.2875,183.7291667,0.475,5.25833333,11.2,109.3708333,1.32916667,86.95416667,23.13333333
HOSPITAL DEL NORTE,2022-08-05,2022,8,5,693.95,2.04166667,16.2125,174.5875,0.00833333,4.08333333,11.2625,123.7125,0.64782609,81.00833333,23.8125
HOSPITAL DEL NORTE,2022-08-04,2022,8,4,694.3541667,1.82916667,19.6625,211.9875,2.49166667,8.04583333,17.5125,169.2375,1.88181818,83.87916667,23.84166667
HOSPITAL DEL NORTE,2022-08-03,2022,8,3,694.6166667,1.52083333,15.02916667,201.6208333,2.34166667,8.47916667,18.55833333,125.5,1.7,87.65833333,22.64166667
HOSPITAL DEL NORTE,2022-08-02,2022,8,2,694.7083333,1.925,19.83333333,201.9708333,0,7.68333333,17.04583333,127.1041667,2.62083333,83.85833333,23.41666667
HOSPITAL DEL NORTE,2022-08-01,2022,8,1,694.7333333,1.95416667,21.825,207.6583333,0.01666667,9.31666667,17.72083333,167.5,1.75416667,81.775,23.92083333
HOSPITAL DEL NORTE,2022-07-31,2022,7,31,694.6565217,1.78695652,24.52608696,219.6086957,0.31304348,7.2826087,14.93043478,137.6173913,0.99565217,77.71304348,24.14347826
HOSPITAL DEL NORTE,2022-07-30,2022,7,30,694.6416667,2.15416667,26.225,235.1833333,0,6.54166667,16.88333333,233.5458333,1.29166667,71.90416667,25.15
HOSPITAL DEL NORTE,2022-07-29,2022,7,29,695.4291667,2.10833333,23.05833333,189.1833333,0.22916667,4.4125,13.15833333,225.5583333,0.85,78.45416667,24.00833333
HOSPITAL DEL NORTE,2022-07-28,2022,7,28,695.6571429,2.87857143,25.01818182,247.7,0,3.69285714,9.97857143,343.6071429,1.21428571,71.77142857,25.69285714
HOSPITAL DEL NORTE,2022-07-27,2022,7,27,695.6473684,2.28947368,12.92105263,205.3,0.30526316,4.72105263,12.80526316,223.2789474,1.57,79.79473684,23.79473684
HOSPITAL DEL NORTE,2022-07-26,2022,7,26,696.1208333,1.375,,155.4291667,0.2,5.14166667,13.64583333,97.67083333,1.96666667,86.45,22.77916667
HOSPITAL DEL NORTE,2022-07-25,2022,7,25,695.375,1.42916667,,225.9458333,0.125,6.9875,16.675,131.3875,1.05833333,83.84583333,23.675
HOSPITAL DEL NORTE,2022-07-24,2022,7,24,694.9958333,2.1375,,234.9916667,0,7.09583333,16.05416667,194.825,1.87916667,79.7,24.12916667
HOSPITAL DEL NORTE,2022-07-23,2022,7,23,694.9416667,2.30416667,,253.3375,0,6.82083333,15.22083333,176.3208333,1.3875,80.44166667,23.99583333
HOSPITAL DEL NORTE,2022-07-22,2022,7,22,694.9958333,2.00833333,,189.0208333,0,6.9875,17.12083333,155.0708333,0.84166667,84.3,23.81666667
HOSPITAL DEL NORTE,2022-07-21,2022,7,21,694.7666667,1.45833333,,192.9625,0.11666667,7.71666667,16.55416667,137.9458333,1.10833333,83.34583333,23.975
HOSPITAL DEL NORTE,2022-07-20,2022,7,20,694.3625,1.63333333,,184.7791667,0.04166667,6.41666667,16.24583333,122.9166667,1.69166667,78.58333333,24.35416667
HOSPITAL DEL NORTE,2022-07-19,2022,7,19,695.0958333,1.72083333,,222.475,0.04166667,6.40416667,17.42083333,207.975,1.42083333,77.97083333,24.525
HOSPITAL DEL NORTE,2022-07-18,2022,7,18,695.6708333,1.56666667,,248.0208333,0.77916667,5.14583333,12.84166667,144.2166667,1.50833333,84.79166667,23.70833333
HOSPITAL DEL NORTE,2022-07-17,2022,7,17,694.4333333,1.77083333,,175.2666667,0.22916667,10.33333333,21.3375,166.85,1.27083333,79.65833333,24.65833333
HOSPITAL DEL NORTE,2022-07-16,2022,7,16,694.6666667,2.275,,208.0333333,0.00833333,11.2,25.61666667,199.3791667,1.48333333,76.08333333,24.59583333
HOSPITAL DEL NORTE,2022-07-15,2022,7,15,695.6625,2.5625,,177.6791667,0.09166667,10.0125,23.63333333,229.7625,1.40416667,72.13333333,24.72916667
HOSPITAL DEL NORTE,2022-07-14,2022,7,14,695.8791667,2.5,,177.7458333,0.01666667,7.09583333,18.5875,216.0958333,0.94583333,71.75416667,24.5875
HOSPITAL DEL NORTE,2022-07-13,2022,7,13,695.3916667,2.10833333,,199.4625,0.12083333,5.475,12.9125,161.0291667,1.66666667,81.1625,24.3
HOSPITAL DEL NORTE,2022-07-12,2022,7,12,695.1333333,2.09166667,,180.2916667,0,6.47083333,17.03333333,216.4166667,0.77916667,80.70416667,23.7875
HOSPITAL DEL NORTE,2022-07-11,2022,7,11,695.3083333,1.49583333,,109.7375,0.625,5.1625,12.75416667,75.55,1.62916667,87.33333333,22.54166667
HOSPITAL DEL NORTE,2022-07-10,2022,7,10,695.3375,1.98333333,,208.0291667,0,8.1375,16.04583333,165.775,1.79583333,77.3125,24.67916667
HOSPITAL DEL NORTE,2022-07-09,2022,7,9,695.8,1.85833333,,206.0375,0.025,10.1125,21.55833333,185.7041667,1.325,78.025,24.78333333
HOSPITAL DEL NORTE,2022-07-08,2022,7,8,695.1541667,1.69583333,,192.0583333,0.09166667,6.90833333,15.58333333,101.7,1.20833333,82.99583333,23.60416667
HOSPITAL DEL NORTE,2022-07-07,2022,7,7,694.1166667,1.825,,243.3833333,0.01666667,7.46666667,19.37083333,146.2791667,0.95416667,79.54583333,24.33333333
HOSPITAL DEL NORTE,2022-07-06,2022,7,6,694.8541667,1.81666667,,205.1958333,0.025,7.52083333,18.5375,188.3125,1.65833333,85.42083333,23.05
HOSPITAL DEL NORTE,2022-07-05,2022,7,5,695.2083333,2.14166667,,206.1291667,0.75416667,5.75833333,13.61666667,201.5166667,1.1125,80.525,24.075
HOSPITAL DEL NORTE,2022-07-04,2022,7,4,695.2,1.65,,197.1791667,0,7.23333333,15.6,103.7458333,0.59583333,82.41666667,24.175
HOSPITAL DEL NORTE,2022-07-03,2022,7,3,694.9125,1.7875,,238.1041667,0.125,7.3,14.03333333,160.6166667,1.425,80.6625,24.62916667
HOSPITAL DEL NORTE,2022-07-02,2022,7,2,694.5583333,1.87916667,,204.7625,0,5.8375,13.59166667,214.7791667,1.19166667,80.31666667,24.3
HOSPITAL DEL NORTE,2022-07-01,2022,7,1,694.5375,1.69166667,,200.8208333,0.25416667,6.41666667,16.42916667,160.3166667,1.27083333,85.07083333,23.45416667
HOSPITAL DEL NORTE,2022-06-30,2022,6,30,694.8565217,1.93043478,,176.626087,0.10434783,5.43478261,14.9826087,186.626087,1.24782609,80.34782609,23.92608696
HOSPITAL DEL NORTE,2022-06-29,2022,6,29,696.3791667,1.55416667,,176.3583333,0.04166667,6.26666667,16.8375,106.7833333,1.52916667,86.83333333,22.35
HOSPITAL DEL NORTE,2022-06-28,2022,6,28,696.675,2.02083333,,196.8666667,0.05833333,5.37916667,15.55,182.6875,0.82083333,82.49166667,23.04583333
HOSPITAL DEL NORTE,2022-06-27,2022,6,27,696.4166667,1.8125,,197.3708333,0,4.41666667,11.97916667,151.5708333,0.92916667,82.52083333,22.75
HOSPITAL DEL NORTE,2022-06-26,2022,6,26,696.3916667,1.72916667,,185.7541667,0.19166667,4.72083333,10.59583333,135.4625,0.70416667,83.57083333,22.9375
HOSPITAL DEL NORTE,2022-06-25,2022,6,25,695.6291667,1.575,,230.2583333,0.34166667,8.50416667,17.37916667,124.4791667,1.80833333,88,22.85
HOSPITAL DEL NORTE,2022-06-24,2022,6,24,694.95,1.69583333,,214.5,0.10833333,6.65833333,14.85833333,110.7875,2.2375,84.33333333,23.38333333
HOSPITAL DEL NORTE,2022-06-23,2022,6,23,693.7541667,2.32916667,,225.525,0.13333333,7.27083333,15.6375,215.7083333,0.825,80.00833333,24.36666667
HOSPITAL DEL NORTE,2022-06-22,2022,6,22,694.275,2.29583333,,210.15,0,6.38333333,14.47916667,237.675,1.175,77.48333333,24.375
HOSPITAL DEL NORTE,2022-06-21,2022,6,21,695.45,1.64166667,,190.4208333,0.03333333,8.02083333,20.83333333,170.3541667,1.7375,84.85833333,23.02083333
HOSPITAL DEL NORTE,2022-06-20,2022,6,20,696.0833333,1.425,,172.725,0.325,4.85416667,13.55416667,129.8708333,0.90833333,85.05833333,22.50416667
HOSPITAL DEL NORTE,2022-06-19,2022,6,19,696.0541667,1.39583333,,208.1958333,0.05,5.7375,13.4125,104.6541667,1.26666667,87.0125,22.15
HOSPITAL DEL NORTE,2022-06-18,2022,6,18,695.225,1.78333333,,218.2791667,0.01666667,9.61666667,21.05,140.5708333,1.1,86.04583333,22.98333333
HOSPITAL DEL NORTE,2022-06-17,2022,6,17,695.5041667,1.2125,,179.3958333,0.45,6.2125,15.64583333,72.57916667,1.6375,90.7375,22.3375
HOSPITAL DEL NORTE,2022-06-16,2022,6,16,695.4416667,1.85833333,,242.1291667,0.09166667,9.9875,20.48333333,190.0083333,0.8375,84.94583333,23.47916667
HOSPITAL DEL NORTE,2022-06-15,2022,6,15,695.3833333,1.22083333,,210.8,0.11666667,7.48333333,18.70416667,113.45,1.225,87.37916667,22.38333333
HOSPITAL DEL NORTE,2022-06-14,2022,6,14,695.3791667,1.6375,,215.9083333,0.08333333,5.50416667,14.23333333,141.1708333,1.55416667,86.64166667,22.45416667
HOSPITAL DEL NORTE,2022-06-13,2022,6,13,695.3458333,1.95,,243.8416667,1.15,6.725,16.33333333,158.2291667,0.925,86.61666667,23.075
HOSPITAL DEL NORTE,2022-06-12,2022,6,12,695.9375,1.69166667,,184.8125,0,5.575,11.82916667,132.1875,1.6,83.125,23.7
HOSPITAL DEL NORTE,2022-06-11,2022,6,11,694.9208333,2.04583333,,257.075,0,6.925,15.75833333,161.0916667,0.55,82.2,23.65416667
HOSPITAL DEL NORTE,2022-06-10,2022,6,10,694.7625,2.0625,,221.2916667,0,7.97916667,17.725,190.4791667,1.64444444,81.4625,23.55416667
HOSPITAL DEL NORTE,2022-06-09,2022,6,9,695.5416667,2.0375,,146.8125,0,5.51666667,13.77083333,156.8875,1.15833333,82.41666667,23.22083333
HOSPITAL DEL NORTE,2022-06-08,2022,6,8,695.6291667,2.22916667,,155.6791667,0,4.675,12.31666667,191.1416667,1.6,80.7625,23.1625
HOSPITAL DEL NORTE,2022-06-07,2022,6,7,695.5333333,2.57083333,,211.6916667,0.1,5.04166667,12.625,208.4916667,1.92916667,81.525,22.78333333
HOSPITAL DEL NORTE,2022-06-06,2022,6,6,695,1.8875,,202.3416667,0.03333333,5.66666667,15.54583333,194.6833333,1.30833333,80.05,23.7125
HOSPITAL DEL NORTE,2022-06-05,2022,6,5,695.3833333,1.25833333,,112.9166667,0.025,11.41666667,20.82916667,99.31666667,1.65833333,87.17916667,22.61666667
HOSPITAL DEL NORTE,2022-06-04,2022,6,4,695.7875,1.3375,,143.3916667,0.21666667,5.10833333,11.7125,101.8875,1.90416667,84.54583333,22.58333333
HOSPITAL DEL NORTE,2022-06-03,2022,6,3,696.2416667,1.33333333,,209.7041667,1.76666667,5.775,14.12916667,133.2416667,1.59583333,85.40416667,22.74583333
HOSPITAL DEL NORTE,2022-06-02,2022,6,2,695.4916667,2.70416667,,194.6,0.18333333,5.69583333,11.75,204.3,2.02916667,77.67083333,23.47083333
HOSPITAL DEL NORTE,2022-06-01,2022,6,1,694.4708333,2.1875,,233.1333333,0.01666667,7.90416667,16.21666667,244.7166667,0.89166667,74.95833333,24.77916667
HOSPITAL DEL NORTE,2022-05-31,2022,5,31,694.8826087,1.92608696,,201.5869565,0.08695652,5.37391304,12.93043478,180.1608696,1.46521739,82.88695652,23.64347826
HOSPITAL DEL NORTE,2022-05-30,2022,5,30,694.1791667,1.775,,218.6375,0.03333333,6.54166667,14.4375,159.6625,1.8,81.48333333,24.12083333
HOSPITAL DEL NORTE,2022-05-29,2022,5,29,694.1208333,2.00833333,,179.3583333,0.06666667,6.75416667,13.39583333,191.5291667,2.24583333,80.6375,23.92083333
HOSPITAL DEL NORTE,2022-05-28,2022,5,28,694.4291667,1.59583333,,178.9,0,12.1,22.475,152.2125,2.4,80.91666667,24.16666667
HOSPITAL DEL NORTE,2022-05-27,2022,5,27,695.2791667,1.87083333,,220.25,0.00833333,9.6375,20.14583333,176.3458333,1.9125,84.45416667,23.925
HOSPITAL DEL NORTE,2022-05-26,2022,5,26,695.8125,1.6625,,176.0833333,0.01666667,8.7875,21.60416667,155.0625,1.3875,80.8375,23.62083333
HOSPITAL DEL NORTE,2022-05-25,2022,5,25,695.0666667,1.79166667,,210.825,0.4125,11.15416667,23.54583333,138.9916667,1.32916667,85.42916667,23.43333333
HOSPITAL DEL NORTE,2022-05-24,2022,5,24,694.6875,1.9125,,174.475,0,10.45833333,24.65416667,145.3333333,1.13333333,78.75833333,24.1625
HOSPITAL DEL NORTE,2022-05-23,2022,5,23,695.0125,2.37916667,,193.2708333,0.03333333,10.7,25.52916667,233.0166667,1.51666667,73.29166667,25.2875
HOSPITAL DEL NORTE,2022-05-22,2022,5,22,696.3,2.6875,,205.25,0.01666667,11.325,23.69583333,256.1791667,1.07916667,71.3125,25.3875
HOSPITAL DEL NORTE,2022-05-21,2022,5,21,697.1416667,2.34583333,,200.8875,0.08333333,7.1875,16.27916667,246.3125,0.61666667,78.25833333,24.47083333
HOSPITAL DEL NORTE,2022-05-20,2022,5,20,696.5666667,2.18333333,,231.9791667,0.00833333,7.17083333,17.20416667,233.9666667,1.11666667,77.56666667,24.08333333
HOSPITAL DEL NORTE,2022-05-19,2022,5,19,696.1375,1.525,,202.0458333,0.03333333,6.66666667,19.58333333,160.325,0.08888889,81.925,23.66666667
HOSPITAL DEL NORTE,2022-05-18,2022,5,18,697.0291667,1.42916667,,137.9916667,0.25833333,5.47083333,15.61666667,73.45416667,1.22727273,90.15833333,22.75
HOSPITAL DEL NORTE,2022-05-17,2022,5,17,696.3166667,1.69583333,,194.2375,0.05,9.35833333,18.2,139.8291667,1.81666667,85.33333333,24.37916667
HOSPITAL DEL NORTE,2022-05-16,2022,5,16,695.0541667,2.12916667,,188.625,0,7.6125,17.11666667,199.3875,1.3125,80.55833333,25.21666667
HOSPITAL DEL NORTE,2022-05-15,2022,5,15,694.4916667,1.925,,223.4125,0.00833333,7.2375,15.87916667,187.8666667,1.63333333,81.96666667,25.07083333
HOSPITAL DEL NORTE,2022-05-14,2022,5,14,694.5583333,1.7,,126.3541667,0,7.87916667,15.6375,131.5541667,2.2375,85.02916667,24.37083333
HOSPITAL DEL NORTE,2022-05-13,2022,5,13,694.0083333,1.69583333,,230.9458333,0,12.57916667,26.30416667,164.5083333,1.6,81.51666667,24.80833333
HOSPITAL DEL NORTE,2022-05-12,2022,5,12,694.2583333,1.90833333,,242.7791667,0.06666667,9.95,20.62916667,221.2833333,1.10833333,85.10416667,23.97083333
HOSPITAL DEL NORTE,2022-05-11,2022,5,11,694.8166667,2.17083333,,210.0125,0.36666667,5.63333333,13.50833333,191.6625,1.54166667,85.02083333,23.3625
HOSPITAL DEL NORTE,2022-05-10,2022,5,10,694.825,1.95833333,,199.0041667,0,6.7125,17.55416667,178.225,1.74166667,82.14583333,24.05
HOSPITAL DEL NORTE,2022-05-09,2022,5,9,694.4,2.075,,208.5458333,0,7.55416667,18.82916667,237.5166667,1.0125,76.875,24.8375
HOSPITAL DEL NORTE,2022-05-08,2022,5,8,695.1125,1.54166667,,198.7291667,0,6.6125,16.32916667,175.275,1.17916667,80.7625,24.17083333
HOSPITAL DEL NORTE,2022-05-07,2022,5,7,696.4416667,1.19166667,,169.7416667,0.01666667,11.95833333,25.45416667,114.9416667,2.07916667,90.44166667,22.34166667
HOSPITAL DEL NORTE,2022-05-06,2022,5,6,696.8208333,1.54166667,,181.1208333,1.52083333,8.53333333,18.3875,112.4166667,1.69166667,90.0875,22.09166667
HOSPITAL DEL NORTE,2022-05-05,2022,5,5,695.6333333,2.02083333,,148.3333333,0.7125,9.78333333,19.26666667,99.0125,2.03333333,80.275,23.45
HOSPITAL DEL NORTE,2022-05-04,2022,5,4,694.0791667,2.13333333,,206.5541667,0,9.55833333,22.1625,240.1458333,2.40833333,72.06666667,26.09583333
HOSPITAL DEL NORTE,2022-05-03,2022,5,3,694.4708333,2.14166667,,208.4625,0,8.99166667,22.33913043,263.3666667,1.34166667,75.43333333,25.375
HOSPITAL DEL NORTE,2022-05-02,2022,5,2,695.0083333,1.67083333,,177.3916667,0,5.65833333,17.52916667,177.1083333,2.19583333,77.97083333,24.32083333
HOSPITAL DEL NORTE,2022-05-01,2022,5,1,694.3416667,1.80416667,,191.8541667,0,8.26666667,18.78333333,230.4708333,1.49166667,81.65,24.44583333
HOSPITAL DEL NORTE,2022-04-30,2022,4,30,693.9434783,1.87391304,,176.7565217,0.31304348,9.18695652,19.86521739,189.9,2.38695652,85.38695652,23.9173913
HOSPITAL DEL NORTE,2022-04-29,2022,4,29,694.2208333,1.69166667,,197.8458333,0.13333333,11.44583333,23.4625,189.6333333,2.35,85.15833333,23.58333333
HOSPITAL DEL NORTE,2022-04-28,2022,4,28,694.4333333,1.54583333,,158.6208333,0.30416667,8.725,18.22083333,99.40833333,2.09090909,89.33333333,22.76666667
HOSPITAL DEL NORTE,2022-04-27,2022,4,27,694.1291667,2.02916667,,159.5458333,0,8.86666667,19.62083333,226.9291667,1.95833333,76.93333333,24.425
HOSPITAL DEL NORTE,2022-04-26,2022,4,26,694.9333333,1.99583333,,232.75,0.01666667,11.025,20.55,221.7875,1.0875,79.97083333,23.375
HOSPITAL DEL NORTE,2022-04-25,2022,4,25,695.1875,1.47916667,,207.5,0.1375,5.975,14.4375,72.875,2.4625,88.81666667,21.72083333
HOSPITAL DEL NORTE,2022-04-24,2022,4,24,693.9875,1.7625,,245.5625,0,9.56666667,20.625,202.95,2.76666667,80.94583333,24.23333333
HOSPITAL DEL NORTE,2022-04-23,2022,4,23,695.0416667,2.14166667,,258.6875,0.00833333,8.25416667,20.50833333,262.6125,1.97916667,81.21666667,23.325
HOSPITAL DEL NORTE,2022-04-22,2022,4,22,696.175,1.45,,173.5166667,1.69583333,4.65,10.92916667,181.4416667,1.96666667,86.61666667,22.0375
HOSPITAL DEL NORTE,2022-04-21,2022,4,21,696.3416667,1.60416667,,205.8916667,0.55416667,5.05416667,12.77916667,140.9625,2.27083333,86.87916667,22.375
HOSPITAL DEL NORTE,2022-04-20,2022,4,20,696.4041667,1.48333333,,177.1375,0,7.34166667,20.14166667,130.3458333,1.65416667,86.1125,22.4875
HOSPITAL DEL NORTE,2022-04-19,2022,4,19,696.0625,1.25416667,,150.2291667,0.8,6.4,13.96666667,65.00833333,1.87083333,91.94166667,21.72083333
HOSPITAL DEL NORTE,2022-04-18,2022,4,18,694.925,1.69583333,,208.3958333,0.01666667,7.24583333,17.52083333,154.5,1.44583333,83.97916667,23.59583333
HOSPITAL DEL NORTE,2022-04-17,2022,4,17,694.4958333,1.37916667,,189.3958333,0.2,6.65833333,12.85833333,103.9958333,2.87083333,85.70416667,22.75
HOSPITAL DEL NORTE,2022-04-16,2022,4,16,693.7625,1.57083333,,202.1458333,0,17.00833333,28.35,113.1458333,2.21666667,79.99583333,24.37916667
HOSPITAL DEL NORTE,2022-04-15,2022,4,15,693.6833333,2.15416667,,192.45,0,16.775,26.05833333,208.4916667,1.8375,74.84166667,25.35416667
HOSPITAL DEL NORTE,2022-04-14,2022,4,14,693.4791667,1.85,,199.1375,0,19.7875,30.01666667,228.4625,2.22608696,75.84166667,25.37083333
HOSPITAL DEL NORTE,2022-04-13,2022,4,13,693.2875,2.27916667,,195.3541667,0,15.0375,25.07916667,236.7625,,71.80416667,25.66666667
HOSPITAL DEL NORTE,2022-04-12,2022,4,12,693.275,2.22916667,,205.325,0,12.87916667,22.14166667,240.7916667,,74.64583333,25.50833333
HOSPITAL DEL NORTE,2022-04-11,2022,4,11,693.8875,2.16666667,,176.9041667,0,10.225,18.5625,242.1458333,,76.1125,25.20833333
HOSPITAL DEL NORTE,2022-04-10,2022,4,10,694.0791667,2.24583333,,188.575,0,7.55,14.44583333,211.4583333,,79.475,24.67916667
HOSPITAL DEL NORTE,2022-04-09,2022,4,9,694.4708333,2.09583333,,175.0291667,0,9.675,19.95833333,283.8791667,1.225,79.92916667,24.6875
HOSPITAL DEL NORTE,2022-04-08,2022,4,8,694.7166667,1.8625,,201.275,0.01666667,7.16666667,21.04583333,184.8208333,1.98333333,83.87916667,23.71666667
HOSPITAL DEL NORTE,2022-04-07,2022,4,7,694.5458333,1.37916667,,185.0166667,1.87916667,6.85416667,15.85416667,100.5916667,2.8875,89,22.62083333
HOSPITAL DEL NORTE,2022-04-06,2022,4,6,693.6666667,2.15833333,,188.525,0,10.05416667,20.28333333,225.1083333,2.0625,77.8,24.84166667
HOSPITAL DEL NORTE,2022-04-05,2022,4,5,694.3125,2.35416667,,191.4041667,0.00833333,9.05,18.72916667,220.4041667,1.825,81.5875,24.22083333
HOSPITAL DEL NORTE,2022-04-04,2022,4,4,694.4125,2.00833333,,230.2583333,1.27916667,6.64583333,13.0875,207.5583333,2.67083333,83.4,23.4375
HOSPITAL DEL NORTE,2022-04-03,2022,4,3,693.9875,2.1,,238.6416667,0.04166667,11.02916667,18.35833333,254.175,2.31666667,76.45833333,24.79166667
HOSPITAL DEL NORTE,2022-04-02,2022,4,2,694.7875,1.95,,222.0875,0.10833333,13.27916667,24.9375,221.0375,2.25833333,82.85,24.79583333
HOSPITAL DEL NORTE,2022-04-01,2022,4,1,694.8083333,2.08333333,,204.05,2.50416667,9.92083333,17.40416667,223.8,2.325,84.74166667,23.95416667
HOSPITAL DEL NORTE,2022-03-31,2022,3,31,693.6869565,1.86956522,,252.5565217,0,10.37727273,21.76818182,199.6173913,,76.86956522,24.76521739
HOSPITAL DEL NORTE,2022-03-30,2022,3,30,694.3041667,1.88333333,,260.9291667,0,9.97083333,22.04166667,204.3958333,,80.04583333,23.92083333
HOSPITAL DEL NORTE,2022-03-29,2022,3,29,694.7541667,2.31666667,,200.3125,0.00833333,11.99166667,21.44583333,232.4458333,,78.2875,24.64583333
HOSPITAL DEL NORTE,2022-03-28,2022,3,28,694.9375,1.875,,212.8208333,0,14.42083333,28.54166667,186.4666667,,81.50416667,24.15416667
HOSPITAL DEL NORTE,2022-03-27,2022,3,27,694.5666667,1.6,,216.9208333,0,16.05,25.30833333,117.7333333,,83.84166667,23.70833333
HOSPITAL DEL NORTE,2022-03-26,2022,3,26,694.0541667,1.92916667,,209.6125,0.75,21.60416667,32.95833333,164.1125,,87.975,23.0625
HOSPITAL DEL NORTE,2022-03-25,2022,3,25,693.8958333,2.4625,,240.6541667,1.82083333,23.99166667,33.4,249.1875,,76.27916667,25.04583333
HOSPITAL DEL NORTE,2022-03-24,2022,3,24,693.7083333,2.24583333,,204.0208333,0.25,18.59583333,28.33333333,234.5583333,,79.6875,24.89166667
HOSPITAL DEL NORTE,2022-03-23,2022,3,23,693.6875,2.52083333,,175.0583333,0,22.57083333,32.5375,264.8875,,67.70416667,25.89166667
HOSPITAL DEL NORTE,2022-03-22,2022,3,22,693.5083333,2.35833333,,190.4458333,0.00833333,20.675,29.9625,237.5916667,,76.57916667,25.22916667
HOSPITAL DEL NORTE,2022-03-21,2022,3,21,693.6875,2.40416667,,174.3291667,0.075,19.43333333,27.15,201.3541667,,77.075,24.31666667
HOSPITAL DEL NORTE,2022-03-20,2022,3,20,694.325,2.94166667,,202.1791667,0,23.6375,30.75416667,250.1708333,,72.03333333,24.85833333
HOSPITAL DEL NORTE,2022-03-19,2022,3,19,694.2166667,2.24166667,,216.2,0,22.875,31.69583333,247.6583333,,68.76666667,25.48333333
HOSPITAL DEL NORTE,2022-03-18,2022,3,18,694.4666667,2.2125,,171.8208333,0,23.25555556,32.78888889,194.7625,,72.98333333,24.5375
HOSPITAL DEL NORTE,2022-03-17,2022,3,17,694.7125,2.17083333,,195.6708333,0,,,213.4041667,,78.60833333,24.1125
HOSPITAL DEL NORTE,2022-03-16,2022,3,16,694.7208333,2.19583333,,202.6666667,0.15833333,,,246.6333333,,78.21666667,24.46666667
HOSPITAL DEL NORTE,2022-03-15,2022,3,15,695.0791667,2.0875,,177.2625,0.1,,,235.0125,,82.34583333,23.22083333
HOSPITAL DEL NORTE,2022-03-14,2022,3,14,695.1875,2.14583333,,209.8125,0,,,172.9208333,,80.90416667,23.46666667
HOSPITAL DEL NORTE,2022-03-13,2022,3,13,695.9625,1.92916667,,199.3791667,0.00833333,,,156.2833333,,76.45833333,23.42916667
HOSPITAL DEL NORTE,2022-03-12,2022,3,12,695.05,2.5,,158.7125,0.01666667,,,220.8083333,,77.6875,23.94166667
HOSPITAL DEL NORTE,2022-03-11,2022,3,11,695.2916667,2.07916667,,170.4458333,0.05,,,260.7125,,77.125,23.89166667
HOSPITAL DEL NORTE,2022-03-10,2022,3,10,695.3458333,2.00416667,,178.6625,0,,,166.7833333,,78.00833333,23.20416667
HOSPITAL DEL NORTE,2022-03-09,2022,3,9,694.55,2.02916667,,183.9375,0,,,250.8916667,,72.92083333,24.02916667
HOSPITAL DEL NORTE,2022-03-08,2022,3,8,694.5208333,2.2,,201.9666667,0.075,,,251.5083333,,77.94166667,23.69583333
HOSPITAL DEL NORTE,2022-03-07,2022,3,7,694.9666667,1.54583333,,167.3416667,0.175,,,162.1041667,,83.725,22.97083333
HOSPITAL DEL NORTE,2022-03-06,2022,3,6,695.1,1.57916667,,177.075,0.05,,,111.2708333,,85.97083333,22.72916667
HOSPITAL DEL NORTE,2022-03-05,2022,3,5,694.8416667,2.08333333,,224.6958333,0,,,217.2958333,,80.2125,23.8875
HOSPITAL DEL NORTE,2022-03-04,2022,3,4,695.0833333,1.92916667,,196.3583333,0,,,172.3833333,,81.125,23.475
HOSPITAL DEL NORTE,2022-03-03,2022,3,3,695.0083333,1.85416667,,219.5583333,0.00833333,,,188.9666667,,84.96666667,23.5
HOSPITAL DEL NORTE,2022-03-02,2022,3,2,695.125,1.59583333,,198.125,0.2,,,109.65,,87.93333333,22.8875
HOSPITAL DEL NORTE,2022-03-01,2022,3,1,694.7416667,1.92916667,,244.8375,0.025,,,244.6791667,,81.97916667,24
HOSPITAL DEL NORTE,2022-02-28,2022,2,28,695.2913044,1.45652174,,138.0217391,0.18695652,2.17391304,4.96956522,103.273913,,89.42173913,22.36521739
HOSPITAL DEL NORTE,2022-02-27,2022,2,27,695.2708333,1.12916667,,189.4541667,0.29583333,2.0375,3.93333333,88.03333333,,89.1375,22.64583333
HOSPITAL DEL NORTE,2022-02-26,2022,2,26,695.3166667,2.225,,257.525,0.14583333,8.35,12.54583333,242.8875,,74.37083333,24.79166667
HOSPITAL DEL NORTE,2022-02-25,2022,2,25,694.7458333,1.9875,,207.6666667,0,10.39166667,17.8,250.7083333,,71.0875,25.24583333
HOSPITAL DEL NORTE,2022-02-24,2022,2,24,694.4625,2.12083333,,179.7708333,0,11.64166667,17.72916667,233.1208333,,70.61666667,25.10833333
HOSPITAL DEL NORTE,2022-02-23,2022,2,23,694.6833333,1.90833333,,202.1875,0.01666667,10.45833333,16.01666667,251.8791667,,71.18333333,25.18333333
HOSPITAL DEL NORTE,2022-02-22,2022,2,22,694.8083333,2.03333333,,197.85,0,,,264.0041667,,71.12083333,24.2875
HOSPITAL DEL NORTE,2022-02-21,2022,2,21,694.875,2.00833333,,187.8375,0,,,276.4041667,,72.82916667,24.2375
HOSPITAL DEL NORTE,2022-02-20,2022,2,20,694.9875,2.20416667,,201.9291667,0.00833333,,,242.325,,81.45,23.5125
HOSPITAL DEL NORTE,2022-02-19,2022,2,19,694.7208333,2.06666667,,225.2166667,0.09166667,,,219.3666667,,83.2125,23.25416667
HOSPITAL DEL NORTE,2022-02-18,2022,2,18,694.2208333,2.475,,203.3208333,0.10833333,,,237.0833333,,73.4625,24.89583333
HOSPITAL DEL NORTE,2022-02-17,2022,2,17,694.5541667,2.11666667,,211.9041667,0,21.48,40.06,256.85,,76.12083333,25.12916667
HOSPITAL DEL NORTE,2022-02-16,2022,2,16,694.8458333,2.5625,,200.7916667,0,15.07083333,25.56666667,270.3708333,,69.93333333,24.99583333
HOSPITAL DEL NORTE,2022-02-15,2022,2,15,694.9791667,2.18333333,,215.35,0.01666667,14.14166667,25.175,218.5583333,,81.60833333,23.91666667
HOSPITAL DEL NORTE,2022-02-14,2022,2,14,694.75,1.97083333,,224.1416667,2.62916667,14.2625,24.32916667,216.4416667,,87.08333333,22.97083333
HOSPITAL DEL NORTE,2022-02-13,2022,2,13,693.8083333,2.525,,176.2083333,0.16666667,12.87083333,20.2,253.2208333,,73.925,24.80833333
HOSPITAL DEL NORTE,2022-02-12,2022,2,12,693.4416667,2.20833333,,183.5583333,0,13.62083333,22.55,224.8166667,,71.2,24.77083333
HOSPITAL DEL NORTE,2022-02-11,2022,2,11,693.4875,2.125,,199.7791667,0,11.17083333,21.47916667,272.4708333,,73.53333333,24.02083333
HOSPITAL DEL NORTE,2022-02-10,2022,2,10,694.1666667,1.55,,162.7291667,0.14583333,9.28333333,22.0625,204.4291667,,81.6375,23.55
HOSPITAL DEL NORTE,2022-02-09,2022,2,9,694.8416667,1.79166667,,224.675,0,10.525,25.025,140.8791667,,87.6625,22.02916667
HOSPITAL DEL NORTE,2022-02-08,2022,2,8,695.3291667,1.75416667,,187.9291667,0.61666667,9.44583333,19.5,147.0833333,,88.80833333,22.55416667
HOSPITAL DEL NORTE,2022-02-07,2022,2,7,695.3125,1.66666667,,224.9125,3.40833333,12.39583333,21.65416667,153.0375,,87.8625,22.42083333
HOSPITAL DEL NORTE,2022-02-06,2022,2,6,694.8375,2.07083333,,187.9708333,0.10833333,9.9625,15.75416667,206.0458333,,81.04583333,23.5125
HOSPITAL DEL NORTE,2022-02-05,2022,2,5,695.2666667,2.08333333,,230.7041667,0.075,16.225,25.27916667,194.7666667,,80.625,23.7125
HOSPITAL DEL NORTE,2022-02-04,2022,2,4,695.3833333,2.0375,,221.7333333,0.27916667,22.16666667,34.2,214.2041667,,77.25,24.34583333
HOSPITAL DEL NORTE,2022-02-03,2022,2,3,694.6958333,2.38333333,,191.2708333,0,16.1875,27.05,262.3333333,,64.54583333,25.37083333
HOSPITAL DEL NORTE,2022-02-02,2022,2,2,694.2708333,2.04583333,,173.6,0,14.09583333,24.7,271.4125,,70.69166667,24.48333333
HOSPITAL DEL NORTE,2022-02-01,2022,2,1,694.8083333,2.43333333,,193.2166667,0,11.67916667,20.79583333,204.3375,,75.25,23.3
HOSPITAL DEL NORTE,2022-01-31,2022,1,31,695.3625,2.25416667,,228.9,0,10.36666667,19.4875,184.3083333,,71.0875,23.2875
HOSPITAL DEL NORTE,2022-01-30,2022,1,30,695.8666667,2.67916667,,185.9416667,0,10.45833333,16.9375,206.9125,,69.41666667,23.025
HOSPITAL DEL NORTE,2022-01-29,2022,1,29,695.7583333,1.90416667,,235.8333333,1.6875,13.5125,23.37916667,216.2416667,,81.72083333,23.3375
HOSPITAL DEL NORTE,2022-01-28,2022,1,28,695.1083333,2.82916667,,206.0958333,0.1,12.72916667,21.2875,258.275,,64.53333333,24.49166667
HOSPITAL DEL NORTE,2022-01-27,2022,1,27,695.0708333,2.6875,,211.9916667,0,12.5875,21.55,217.2,,69.9375,24.35833333
HOSPITAL DEL NORTE,2022-01-26,2022,1,26,694.725,2.16666667,,177.7125,0.00833333,11.825,20.75416667,201.2416667,,75.70416667,24.43333333
HOSPITAL DEL NORTE,2022-01-25,2022,1,25,694.25,2.22916667,,192.0541667,0.10833333,12.32916667,21.68333333,224.4041667,,77.34166667,24.92916667
HOSPITAL DEL NORTE,2022-01-24,2022,1,24,693.5291667,2.22916667,,205.5333333,0,12.82916667,24.69583333,237.7291667,,73.79166667,25.32083333
HOSPITAL DEL NORTE,2022-01-23,2022,1,23,693.8833333,2.3125,,199.5166667,0,12.24166667,20.39583333,210.7458333,,73.05,24.825
HOSPITAL DEL NORTE,2022-01-22,2022,1,22,694.525,2.30833333,,173.4416667,0.00833333,13.04166667,23.21666667,209.9708333,,70.50833333,25.04166667
HOSPITAL DEL NORTE,2022-01-21,2022,1,21,694.2083333,2.225,,246.3833333,0.05,14.5625,29.08333333,247.6,,72.47083333,25.25
HOSPITAL DEL NORTE,2022-01-20,2022,1,20,693.9041667,2.03333333,,214.1583333,0,17.38333333,35.44166667,233.4583333,,65.18333333,25.55833333
HOSPITAL DEL NORTE,2022-01-19,2022,1,19,694.6333333,1.9875,,205.3125,0,14.33333333,26.5625,227.5583333,,76.67916667,24.44583333
HOSPITAL DEL NORTE,2022-01-18,2022,1,18,695.1916667,2.1375,,193.6666667,0,13.6875,24.19166667,167.4583333,,81.13333333,23.87083333
HOSPITAL DEL NORTE,2022-01-17,2022,1,17,695.4833333,2.24166667,,200.4166667,0.03333333,14.02916667,24.35833333,199.8291667,,76.5,23.91666667
HOSPITAL DEL NORTE,2022-01-16,2022,1,16,695.7458333,1.95095833,,241.7375,0,11.875,19.96666667,231.2958333,,80.08333333,23.85
HOSPITAL DEL NORTE,2022-01-15,2022,1,15,696.3083333,1.9625,,210.0041667,0,10.85416667,18.86666667,235.3291667,,81.10833333,23.55416667
HOSPITAL DEL NORTE,2022-01-14,2022,1,14,696.6833333,1.78333333,,277.775,0.15833333,11.88333333,23.6,140.3458333,,85.43333333,21.9625
HOSPITAL DEL NORTE,2022-01-13,2022,1,13,696.3541667,1.9,,198.3791667,0,9.2375,17.85833333,186.6083333,,77.32916667,23.43333333
HOSPITAL DEL NORTE,2022-01-12,2022,1,12,695.7916667,2.04166667,,237.6083333,0,11.00416667,21.30833333,196.2375,,78.39583333,23.25833333
HOSPITAL DEL NORTE,2022-01-11,2022,1,11,695.9708333,2.01666667,,148.0625,0,11.92083333,21.85833333,146.4333333,,81.29166667,22.96666667
HOSPITAL DEL NORTE,2022-01-10,2022,1,10,695.4583333,2.24166667,,200.2375,0.04166667,13.94166667,22.90833333,213.8041667,,74.09166667,23.79166667
HOSPITAL DEL NORTE,2022-01-09,2022,1,9,696.0541667,2.22083333,,193.1625,0.175,13.35,20.71666667,220.2333333,,77.75833333,23.66666667
HOSPITAL DEL NORTE,2022-01-08,2022,1,8,696.5041667,1.775,,207.4375,0,18.52916667,31.22083333,232.3083333,,75.0625,23.35
HOSPITAL DEL NORTE,2022-01-07,2022,1,7,695.5375,1.79166667,,184.8083333,0,16.85,30.025,98.07916667,,75.35833333,22.66666667
HOSPITAL DEL NORTE,2022-01-06,2022,1,6,694.0583333,2.52916667,,190.7125,0,15.83333333,27.71666667,258.0791667,,63.16666667,23.97916667
HOSPITAL DEL NORTE,2022-01-05,2022,1,5,693.7625,2.375,,185.8625,0,11.6875,21.26666667,263,,66.42916667,23.79583333
HOSPITAL DEL NORTE,2022-01-04,2022,1,4,694.7291667,2.8875,,192.4583333,0,11.15,20.425,255.5541667,,60.675,24.30416667
HOSPITAL DEL NORTE,2022-01-03,2022,1,3,695.6958333,2.88333333,,211.3291667,0,9.4875,17.5125,219.4458333,,67.03333333,24.57916667
HOSPITAL DEL NORTE,2022-01-02,2022,1,2,695.1208333,2.09166667,,186.75,0,10.3,17.69166667,245.25,,75.87083333,24.48333333
HOSPITAL DEL NORTE,2022-01-01,2022,1,1,694.3833333,1.85,,221.0916667,0,13.09583333,20.69583333,234.6125,,78.72083333,24.30416667
HOSPITAL DEL NORTE,2021-12-31,2021,12,31,694.175,1.89583333,,215.3791667,0,18.6125,29.39166667,244.15,,76.37916667,24.175
HOSPITAL DEL NORTE,2021-12-30,2021,12,30,695.1041667,2.03333333,,241.2875,0,9.25,19.825,227.7541667,,79.32083333,23.65416667
HOSPITAL DEL NORTE,2021-12-29,2021,12,29,695.1416667,2.07916667,,203.7875,0.7375,8.05416667,18.74166667,219.6416667,,80.56666667,23.79166667
HOSPITAL DEL NORTE,2021-12-28,2021,12,28,694.55,1.84166667,,204.575,0,9.07916667,19.37916667,224.0875,,81.26666667,24.35833333
HOSPITAL DEL NORTE,2021-12-27,2021,12,27,694.9125,1.84166667,,157.3875,0.52083333,9.45,22.19166667,181.7333333,,86.22916667,23.4125
HOSPITAL DEL NORTE,2021-12-26,2021,12,26,694.9833333,2.24583333,,200.4708333,0,6.18333333,13.63333333,244.8166667,,76.3125,24.74583333
HOSPITAL DEL NORTE,2021-12-25,2021,12,25,694.7708333,1.92916667,,176.9166667,0,8.29166667,16.05,196.1291667,,81.65,24.45
HOSPITAL DEL NORTE,2021-12-24,2021,12,24,695.6,2.0875,,203.4708333,0,16.11666667,26.14166667,201.8625,,84.42083333,23.70416667
HOSPITAL DEL NORTE,2021-12-23,2021,12,23,696.1791667,0.92916667,,146.1416667,0.875,13.76666667,24.37083333,66.71666667,,94.12916667,21.92083333
HOSPITAL DEL NORTE,2021-12-22,2021,12,22,695.9,1.49166667,,199.4208333,1.7375,7.09166667,12.87083333,122.0375,,89.25,22.59166667
HOSPITAL DEL NORTE,2021-12-21,2021,12,21,694.5166667,1.52916667,,187.675,1.27083333,8.35833333,13.89583333,120.0416667,,85.81666667,22.97083333
HOSPITAL DEL NORTE,2021-12-20,2021,12,20,694.0875,1.72083333,,158.3333333,0.05,10.5,21.07916667,210.125,,82.84166667,23.99583333
HOSPITAL DEL NORTE,2021-12-19,2021,12,19,694.3625,1.9875,,198.3708333,0.175,8.1125,15.89583333,211.2291667,,78.73333333,24.76666667
HOSPITAL DEL NORTE,2021-12-18,2021,12,18,694.4625,1.85,,174.2583333,0,9.80416667,18.85,136,,84.72916667,23.81666667
HOSPITAL DEL NORTE,2021-12-17,2021,12,17,693.775,2.0875,,229.1208333,0.05,10.34583333,19.75416667,192.3041667,,80.70833333,24.65
HOSPITAL DEL NORTE,2021-12-16,2021,12,16,693.4208333,2.20416667,,179.9416667,0,9.52083333,18.725,197.8416667,,76.2375,24.45416667
HOSPITAL DEL NORTE,2021-12-15,2021,12,15,694.325,2.20416667,,167.3458333,0,11.8625,20.5625,209.2375,,74.90416667,24.17083333
HOSPITAL DEL NORTE,2021-12-14,2021,12,14,695.0083333,2.2125,,184.0958333,0,9.54583333,16.97083333,210.9333333,,74.86666667,23.36666667
HOSPITAL DEL NORTE,2021-12-13,2021,12,13,695.1916667,2.34583333,,188.7,0.8125,8.0375,15.65416667,212.1791667,,78.975,22.9375
HOSPITAL DEL NORTE,2021-12-12,2021,12,12,694.9458333,2.175,,185.3166667,0,7.29166667,14.40833333,237.9,,75.74583333,24.125
HOSPITAL DEL NORTE,2021-12-11,2021,12,11,693.7166667,2.49166667,,190.275,0,10.7125,21.45416667,227.8833333,,69.85833333,24.54583333
HOSPITAL DEL NORTE,2021-12-10,2021,12,10,693.4583333,2.26666667,,181.2375,0,10.37916667,20.57083333,230.1333333,,72.82916667,24.975
HOSPITAL DEL NORTE,2021-12-09,2021,12,9,694.2958333,2.24166667,,172.7458333,0,11.55833333,22.575,246.6166667,,72.4125,24.97916667
HOSPITAL DEL NORTE,2021-12-08,2021,12,8,694.4583333,2.01666667,,205.4083333,0,12.28333333,22.1375,232.3916667,,71.80416667,24.825
HOSPITAL DEL NORTE,2021-12-07,2021,12,7,694.175,2.26666667,,183.3625,0,12.40416667,23.03333333,256.8541667,,69.86666667,24.92916667
HOSPITAL DEL NORTE,2021-12-06,2021,12,6,694.9,2.38333333,,196.2291667,0,9.8375,18.90416667,227.7125,,73.24583333,24.7875
HOSPITAL DEL NORTE,2021-12-05,2021,12,5,694.525,1.95416667,,234.2208333,0,8.91666667,15.8375,225.2958333,,76.1875,24.7
HOSPITAL DEL NORTE,2021-12-04,2021,12,4,694.125,2.12916667,,175.8541667,0,10.4375,18.7,231.4625,,74.77916667,24.3375
HOSPITAL DEL NORTE,2021-12-03,2021,12,3,693.6875,2.10416667,,188.3208333,0,9.26666667,17.42083333,262.2125,,73.82916667,24.43333333
HOSPITAL DEL NORTE,2021-12-02,2021,12,2,695.7083333,2.02083333,,204.9375,0,7.45,16.16666667,222.0791667,,76.17083333,23.4625
HOSPITAL DEL NORTE,2021-12-01,2021,12,1,696.5708333,2.375,,198.2583333,1.37916667,5.09583333,13.57916667,275.3583333,,80.85833333,23.42916667
